Unnamed: 0,MaterialType,CultivationName,SupplierCatalogueNumber,ERPnumber,ERPInventoryControl,LIMSSpec,BOM,Assay
2,Detector Cells,Vero C1008 Cells,CRL 1586,100000253.WCB,Y,Y,Y(KPBT6433),0033970GMP.BUK
3,Positive Control,PI3 ,VR-281,"100000956.PVB, 100000294.MVB,_100000276.WVB",Y,Y,Y(KPBT6433),0033970GMP.BUK
4,Positive Control,PPV,VR-742,"100000959.PVB, 100000289.MVB, 100000284.WVB",Y,Y,Y(KPBT6433),0033970GMP.BUK
5,Positive Control,PAV,,100007727.WVB/PVB,Y,Y,Y(KPBT6433),0033970GMP.BUK
6,Positive Control,PHEV,,"100007056.MVB, WVB, PVB",Y,Y,Y(KPBT6433),0033970GMP.BUK
7,Positive Control,TGEV,VR-763,"100003672.MVB, WVB, PVB",Y,Y,Y(KPBT6433),0033970GMP.BUK
8,Supplemented Media,10% HG DMEM,041-95943M,100000381.500ml,Y,Y,Y(BPBT0609),0033970GMP.BUK
9,Raw Material,Foetal bovine serum,10091-155,100000271.UK,Y,Y,Y(BPBT0609),0033970GMP.BUK
10,Raw Material,Pen Strep,15140-122,100000777.100ML,Y,Y,Y(BPBT0609),0033970GMP.BUK
11,Raw Material,Gentamycin,15710-049,100001267.500ML,Y,Y,Y(BPBT0609),0033970GMP.BUK
12,Raw Material,Fungizone,15290-026,100000670.50ml,Y,Y,Y(BPBT0609),0033970GMP.BUK
13,Raw Material,HBSS,14170-088,100000794.500ML,Y,Y,,0033970GMP.BUK
14,Raw Material,Trypsin,25300-062,A25300062.500ML,Y,Y,,0033970GMP.BUK
15,Raw Material,Acetone,CHE1040,A0000140.2’5L,Y,N,,0033970GMP.BUK
16,Raw Material,PBS,14040-083,100000856.100ML,Y,Y,,0033970GMP.BUK
17,Raw Material,Trypan blue,T8154-1 100ML,A0000964.100ML,Y,Y,Y (BPBTD0011),0033970GMP.BUK
18,Raw Material,Methanol,M/4000/17,A0000095.2’5L,Y,Y,,0033970GMP.BUK
19,Raw Material,Giemsa,G5637-25G,A0000894,Y,N,,0033970GMP.BUK
20,Blood,Guinea Pig Blood,PB030,A0000991.UK,Y,Y,Y(KPBT4629),0033970GMP.BUK
21,Blood,Chick Blood ,S.B-B0008H-U,100002723.,Y,Y,Y(KPBT4629),0033970GMP.BUK
22,Raw Material,PBS (sachets),P3813-10PAK,A0000935.10PK,Y,Y,Y(KPBT4628),0033970GMP.BUK
23,Raw Material,Tween 20,P1379-100ml,A0000932.100ML,Y,Y,Y(KPBT4628),0033970GMP.BUK
24,Raw Material,PAV antiserum,CJ-F-PAV-10ML,100007504,N,N,Y(KPBT6502),0033970GMP.BUK
25,Raw Material,PHEV antiserum,CJ-F-PHEV-10ML,100007036,Y,N,Y(KPBT6502),0033970GMP.BUK
26,Raw Material,PPV antiserum,210-59-PPV,A0001032.UK,Y,N,Y(KPBT6502),0033970GMP.BUK
27,Raw Material,TGEV antiserum,CJ-F-TGE-10ML,100007505.UK,Y,N,Y(KPBT6502),0033970GMP.BUK
28,Raw Material,Vectashield,H-1000,A0001014.UK,Y,Y,Y(KPBT4628),0033970GMP.BUK
29,Media,1 % HG DMEM,04196672M,100008427.500ML,Y,Y,Y(BPBT0609),0033970GMP.BUK
30,Media,10% HG DMEM,04196655M,100008331.500ML,Y,Y,Y(BPBT0609),0033970GMP.BUK
31,Raw Material,L-Glutamine,25030-024,A25030024.100ML,Y,Y,Y(BPBT0609),0033970GMP.BUK
32,Raw Material,Serum (Australian),12003C,100008403.500ml,Y,Y,Y(BPBT0609),0033970GMP.BUK
33,Raw Material,Serum (US),26140,100008353.500ML,Y,Y,Y(BPBT0609),0033970GMP.BUK
34,Raw Material,Fungizone,15290-026,100000670.50ML,Y,Y,Y(BPBT0609),0033970GMP.BUK
2,Cell Line,Continuous Chicken embryo fibroblasts (DF-1),CRL-12203,100007071,Y,Y,,003939GMP.BUK
3,Virus,Avian Leukosis Virus Type A,VR-355,100000966,Y,Y,,003939GMP.BUK
4,Virus,Avian Leukosis Virus Type B,VR-658,100000965,Y,Y,,003939GMP.BUK
5,Virus,Avian Leukosis Virus Type J,HPRS-103,100004791,Y,Y,,003939GMP.BUK
6,Reagent,Phosphate buffered saline (PBS) 1 x,14190,100004079,Y,Y,,003939GMP.BUK
7,Reagent,Trypsin-EDTA,25300-062,A25300062,Y,Y,,003939GMP.BUK
8,Reagent,Penicillin and Streptomycin mixture,15140,100000777,Y,Y,,003939GMP.BUK
9,Reagent,Polybrene (Hexadimethrine Bromide),107689,100004500,Y,Y,,003939GMP.BUK
10,Reagent,HG DMEM,41966,100001324,Y,Y,,003939GMP.BUK
11,Reagent,Foetal Bovine Serum ,10091,100000271,Y,Y,,003939GMP.BUK
12,Reagent,Foetal Bovine Serum (FBS),10086148,100008353,Y,Y,,003939GMP.BUK
13,Reagent,Foetal Bovine Serum (FBS),12003C,100008403,Y,Y,,003939GMP.BUK
14,Reagent,ELISA kit for detection of Avian Leukosis Virus Antigen,99-09254,100004205,Y,Y,,003939GMP.BUK
15,Reagent,De-ionised water,,,Y,N,,003939GMP.BUK
16,Component,T150 Flasks,BRS061,A0001077,Y,N,,003939GMP.BUK
17,Component,Pipette tips 1-1000 μl,PIP7840,100004056,Y,N,,003939GMP.BUK
18,Component,"Pipette tips, 1-200μl",PIP7810/BRS110,100004058,Y,N,,003939GMP.BUK
19,Component,100ml Disposable Reservoirs,PMX-515-040C,100004262,Y,N,,003939GMP.BUK
20,Component,Sterile Pipette (50ml),357550,100004405,Y,Y,,003939GMP.BUK
21,Component,Sterile Pipette (25ml),357525,100004401,Y,Y,,003939GMP.BUK
22,Component,Sterile Pipette (10ml),357551,100004403,Y,Y,,003939GMP.BUK
2,Raw Material,SPF Chicken Eggs,SPF Premium Plus Eggs,100001722,Y,Y,,005050GMP.BUK
3,Raw Material,Terumo 1ml Syringes,SYR6200,A0000029,Y,Y,,005050GMP.BUK
4,Raw Material,Terumo 5ml Syringes,SYR6204,A0000031,Y,Y,,005050GMP.BUK
5,Raw Material,Terumo 2ml Syringes,SYR6202,A0000030,Y,Y,,005050GMP.BUK
6,Raw Material,DMEM,31885-023,100000647.500ml,Y,Y,,005050GMP.BUK
7,Raw Material,PBS (500ml),14040-091,100000718.500ml,Y,Y,,005050GMP.BUK
8,Raw Material,Pen Strep,15140-122,100000777.100ml,Y,Y,,005050GMP.BUK
9,Raw Material,"Needles (23G, 31mm)",SYR6246,,Y,Y,,005050GMP.BUK
10,Raw Material,"Needles (20G, 25mm)",SYR6230,,Y,Y,,005050GMP.BUK
11,Raw Material,"Needles (21G, 50mm)",SYR6240,,Y,Y,,005050GMP.BUK
12,Raw Material,"Needles (25G, 25mm)",SYR6247,,Y,Y,,005050GMP.BUK
13,Raw Material,"Needles (26G, 9mm)",SYR6120,,Y,Y,,005050GMP.BUK
14,Raw Material,96 well HA Plates,163320,A0000014,Y,Y,,005050GMP.BUK
15,Raw Material,Cryovials,368632,A0000021,Y,Y,,005050GMP.BUK
16,Raw Material,200ul non-sterile tips,SLS5040,A0000003,Y,Y,,005050GMP.BUK
17,Raw Material,1000ul non-sterile tips,GNT-1000- 960,A0000004,Y,Y,,005050GMP.BUK
18,Raw Material,200ul sterile tips,TF-200-R-S,A0000100.96PK,Y,Y,,005050GMP.BUK
19,Raw Material,1000ul sterile tips,TF-1000-R-S,A0000005.100PK,Y,Y,,005050GMP.BUK
20,Raw Material,Sterile 15ml tubes,570086-1,100004472.50PK,Y,Y,,005050GMP.BUK
21,Raw Material,Sterile 50ml tubes,BRS037,A0000002.25PK,Y,Y,,005050GMP.BUK
22,Erythrocyte,Human Blood,Z416,A0000096,Y,Y,,005050GMP.BUK
2,Raw Material,SPF Chicken Eggs,SPF Premium Plus Eggs,100001722,Y,Y,,005051GMP.BUK
3,Raw Material,Terumo 1ml Syringes,SYR6200,A0000029,Y,Y,,005051GMP.BUK
4,Raw Material,Terumo 5ml Syringes,SYR6204,A0000031,Y,Y,,005051GMP.BUK
5,Raw Material,Terumo 2ml Syringes,SYR6202,A0000030,Y,Y,,005051GMP.BUK
6,Raw Material,DMEM,31885-023,100000647.500ml,Y,Y,,005051GMP.BUK
7,Raw Material,PBS (500ml),14040-091,100000718.500ml,Y,Y,,005051GMP.BUK
8,Raw Material,Pen Strep,15140-122,100000777.100ml,Y,Y,,005051GMP.BUK
9,Raw Material,"Needles (23G, 31mm)",SYR6246,,Y,Y,,005051GMP.BUK
10,Raw Material,"Needles (21G, 50mm)",SYR6240,,Y,Y,,005051GMP.BUK
11,Raw Material,"Needles (25G, 25mm)",SYR6247,,Y,Y,,005051GMP.BUK
12,Raw Material,"Needles (26G, 9mm)",SYR6120,,Y,Y,,005051GMP.BUK
13,Raw Material,96 well HA Plates,163320,A0000014,Y,Y,,005051GMP.BUK
14,Raw Material,Cryovials,368632,A0000021,Y,Y,,005051GMP.BUK
15,Raw Material,200ul non-sterile tips,SLS5040,A0000003,Y,Y,,005051GMP.BUK
16,Raw Material,1000ul non-sterile tips,GNT-1000- 960,A0000004,Y,Y,,005051GMP.BUK
17,Raw Material,200ul sterile tips,TF-200-R-S,A0000100.96PK,Y,Y,,005051GMP.BUK
18,Raw Material,1000ul sterile tips,TF-1000-R-S,A0000005.100PK,Y,Y,,005051GMP.BUK
19,Raw Material,Sterile 15ml tubes,570086-1,100004472.50PK,Y,Y,,005051GMP.BUK
20,Raw Material,Sterile 50ml tubes,BRS037,A0000002.25PK,Y,Y,,005051GMP.BUK
21,Erythrocyte,Human Blood,Z416,A0000096,Y,Y,,005051GMP.BUK
2,Raw Material,SPF Chicken Eggs,SPF Premium Plus Eggs,100001722,Y,Y,,005070GMP.BUK
3,Raw Material,Terumo 1ml Syringes,SYR6200,A0000029,Y,Y,,005070GMP.BUK
4,Raw Material,Terumo 5ml Syringes,SYR6204,A0000031,Y,Y,,005070GMP.BUK
5,Raw Material,Terumo 2ml Syringes,SYR6202,A0000030,Y,Y,,005070GMP.BUK
6,Raw Material,DMEM,31885-023,100000647.500ml,Y,Y,,005070GMP.BUK
7,Raw Material,PBS (500ml),14040-091,100000718.500ml,Y,Y,,005070GMP.BUK
8,Raw Material,Pen Strep,15140-122,100000777.100ml,Y,Y,,005070GMP.BUK
9,Raw Material,"Needles (23G, 31mm)",SYR6246,,Y,Y,,005070GMP.BUK
10,Raw Material,"Needles (20G, 25mm)",SYR6230,,Y,Y,,005070GMP.BUK
11,Raw Material,"Needles (21G, 50mm)",SYR6240,,Y,Y,,005070GMP.BUK
12,Raw Material,"Needles (25G, 25mm)",SYR6247,,Y,Y,,005070GMP.BUK
13,Raw Material,"Needles (26G, 9mm)",SYR6120,,Y,Y,,005070GMP.BUK
14,Raw Material,96 well HA Plates,163320,A0000014,Y,Y,,005070GMP.BUK
15,Raw Material,Cryovials,368632,A0000021,Y,Y,,005070GMP.BUK
16,Raw Material,200ul non-sterile tips,SLS5040,A0000003,Y,Y,,005070GMP.BUK
17,Raw Material,1000ul non-sterile tips,GNT-1000- 960,A0000004,Y,Y,,005070GMP.BUK
18,Raw Material,200ul sterile tips,TF-200-R-S,A0000100.96PK,Y,Y,,005070GMP.BUK
19,Raw Material,1000ul sterile tips,TF-1000-R-S,A0000005.100PK,Y,Y,,005070GMP.BUK
2,Raw Material,SPF Chicken Eggs,SPF Premium Plus Eggs,100001722,Y,Y,,005071GMP.BUK
3,Raw Material,Terumo 1ml Syringes,SYR6200,A0000029,Y,Y,,005071GMP.BUK
4,Raw Material,Terumo 5ml Syringes,SYR6204,A0000031,Y,Y,,005071GMP.BUK
5,Raw Material,Terumo 2ml Syringes,SYR6202,A0000030,Y,Y,,005071GMP.BUK
6,Raw Material,DMEM,31885-023,100000647.500ml,Y,Y,,005071GMP.BUK
7,Raw Material,PBS (500ml),14040-091,100000718.500ml,Y,Y,,005071GMP.BUK
8,Raw Material,Pen Strep,15140-122,100000777.100ml,Y,Y,,005071GMP.BUK
9,Raw Material,"Needles (23G, 31mm)",SYR6246,,Y,Y,,005071GMP.BUK
10,Raw Material,"Needles (21G, 50mm)",SYR6240,,Y,Y,,005071GMP.BUK
11,Raw Material,"Needles (25G, 25mm)",SYR6247,,Y,Y,,005071GMP.BUK
12,Raw Material,"Needles (26G, 9mm)",SYR6120,,Y,Y,,005071GMP.BUK
13,Raw Material,96 well HA Plates,163320,A0000014,Y,Y,,005071GMP.BUK
14,Raw Material,Cryovials,368632,A0000021,Y,Y,,005071GMP.BUK
15,Raw Material,200ul non-sterile tips,SLS5040,A0000003,Y,Y,,005071GMP.BUK
16,Raw Material,1000ul non-sterile tips,GNT-1000- 960,A0000004,Y,Y,,005071GMP.BUK
17,Raw Material,200ul sterile tips,TF-200-R-S,A0000100.96PK,Y,Y,,005071GMP.BUK
18,Raw Material,1000ul sterile tips,TF-1000-R-S,A0000005.100PK,Y,Y,,005071GMP.BUK
19,Raw Material,Sterile 15ml tubes,570086-1,100004472.50PK,Y,Y,,005071GMP.BUK
20,Raw Material,Sterile 50ml tubes,BRS037,A0000002.25PK,Y,Y,,005071GMP.BUK
21,Erythrocyte,Human Blood,Z416,A0000096,Y,Y,,005071GMP.BUK
2,Media,Dulbecco’s Modified Eagle’s Medium (DMEM),Invitrogen,100000647,Y,N,,013009GMP.BUK
3,Cleaning agent,70% Isopropanol,Various,A0000159,Y,N,,013009GMP.BUK
4,Cleaning agent,Virkon,BRS019/CLE1554,A0000055,Y,N,RP 6,013009GMP.BUK
5,Agar,Noble Agar,Sigma A5431,100004420,N,N,,013009GMP.BUK
6,Fix,Glutaraldehyde,AGAR  R1020,100004258,N,N,KPBT0350_KPEM0002,013009GMP.BUK
7,Fix,Paraformaldehyde,TAAB F017,100004191,N,N,KPBT0350,013009GMP.BUK
8,Buffer,Sodium Cacodylate,AGAR R1104,100004144,N,N,KPEM001,013009GMP.BUK
9,Fix,Osmium tetroxide,AGAR R1015,100003722,N,N,RP 323,013009GMP.BUK
10,Water,Distilled water sterile,Invitrogen,100000774,Y,N,,013009GMP.BUK
11,Stain,Uranyl acetate,AGAR R1260A,100004066,N,N,RP 337_RP 338,013009GMP.BUK
12,Alcohol,100% Ethanol,153386F,A0000104,N,N,KPEM0009,013009GMP.BUK
13,Solvent,Propylene Oxide,TAAB P021,100004142,N,N,,013009GMP.BUK
14,Embedding medium,Araldite CY212,TAAB E006,100003639,N,N,KPEM0010,013009GMP.BUK
15,Embedding medium,DDSA,TAAB D025,100003640,N,N,KPEM0010,013009GMP.BUK
16,Embedding medium,Dibutyl Phthalate,TAAB D011,100004143,N,N,KPEM0010,013009GMP.BUK
17,Embedding medium,DMP-30,TAAB D024,100004142,N,N,KPEM0010,013009GMP.BUK
18,Stain,Lead Nitrate,VWR International ltd 101453M,100004137,N,N,KPEM0012,013009GMP.BUK
19,Buffer,Sodium Tetraborate,Fisher BPE175-500,100004115,N,N,,013009GMP.BUK
20,Buffer,Sodium Citrate,Sigma 51804,100001344,N,N,KPEM0012,013009GMP.BUK
21,Alkali,Sodium Hydroxide,Sigma 484024,100001584,N,N,KPEM 0011,013009GMP.BUK
22,Mounting media,DPX,TAAB M192,100004159,N,N,,013009GMP.BUK
2,Cleaning agent,70% Isopropanol,Various,A0000159,Y,N,,0130133708401300537083GMP.BUK
3,Cleaning agent,Virkon,BRS019/CLE1554,A0000055,Y,N,RP 6,0130133708401300537083GMP.BUK
4,Fix,Glutaraldehyde,AGAR  R1020,100004258,N,N,KPBT0350_KPEM 0002,0130133708401300537083GMP.BUK
5,Fix,Paraformaldehyde,TAAB F017,100004191,N,N,KPBT0350,0130133708401300537083GMP.BUK
6,Buffer,Sodium Cacodylate,AGAR R1104,100004144,N,N,KPEM 001,0130133708401300537083GMP.BUK
7,Fix,Osmium tetroxide,AGAR R1015,100003722,N,N,RP 323,0130133708401300537083GMP.BUK
8,Water,Distilled water sterile,15230071,100000774,Y,N,,0130133708401300537083GMP.BUK
9,Stain,Uranyl acetate,AGAR R1260A,100004066,N,N,RP 337_RP 338,0130133708401300537083GMP.BUK
10,Alcohol,100% Ethanol,153386F,A0000104,N,N,KPEM 0009,0130133708401300537083GMP.BUK
11,Solvent,Propylene Oxide,TAAB P021,100004141,N,N,,0130133708401300537083GMP.BUK
12,Embedding medium,Araldite CY212,TAAB E006,100003639,N,N,KPEM 0010,0130133708401300537083GMP.BUK
13,Embedding medium,DDSA,TAAB D025,100003640,N,N,KPEM 0010,0130133708401300537083GMP.BUK
14,Embedding medium,Dibutyl Phthalate,TAAB D011,100004143,N,N,KPEM 0010,0130133708401300537083GMP.BUK
15,Embedding medium,DMP-30,TAAB D024,100004142,N,N,KPEM 0010,0130133708401300537083GMP.BUK
16,Stain,Lead Nitrate,VWR International ltd 101453M,100004137,N,N,KPEM 0012,0130133708401300537083GMP.BUK
17,Sodium hydroxide,Sodium hydroxide,Sigma 484024,100001584,N,N,RP 260,0130133708401300537083GMP.BUK
18,Buffer,Sodium Tetraborate,Fisher BPE175-500,100004115,N,N,KPEM 0011,0130133708401300537083GMP.BUK
19,Buffer,Sodium Citrate,Sigma 51804,100001344,N,N,KPEM 0012,0130133708401300537083GMP.BUK
20,Alkali,Sodium Hydroxide,Sigma 484024,100001584,N,N,KPEM 0012,0130133708401300537083GMP.BUK
21,Stain,Toluidine Blue,AGAR R1727,,N,N,KPEM 0011,0130133708401300537083GMP.BUK
22,Mounting media,DPX,TAAB M192,100004159,N,N,,0130133708401300537083GMP.BUK
1,Material type,Name,Supplier Catalogue Number,SKU number_ ,Y/N,Y/N,Y/N,0200001GMP.BUK
2,Serum,FBS,10094-159,100000271.1L,Y,Y,,0200001GMP.BUK
3,Serum,Client Supplied Serum,,,N,N,,0200001GMP.BUK
4,Serum,Client Specified Serum1,,,N,N,,0200001GMP.BUK
5,Raw Material,Trypan Blue,T8154-100ML,A0000964.100ml,Y,Y,,0200001GMP.BUK
6,Raw Material,Trypsin-EDTA,25300-026,A25300062.500ml,Y,Y,,0200001GMP.BUK
7,Raw Material,PBS,14190-094,100004079.500ml,Y,Y,,0200001GMP.BUK
8,Raw Material,HBSS,14170-070,100001237.100ml,Y,Y,,0200001GMP.BUK
9,Raw Material,Enzyme Stabiliser,R590,A0002105.UK,Y,Y,,0200001GMP.BUK
10,Raw Material,Extraction Buffer,A475,A0001247.UK,Y,Y,,0200001GMP.BUK
11,Raw Material,Karyomax Colcemid Solution,15212-046,100004275.10ML,Y,N,,0200001GMP.BUK
12,Raw Material,Dimethyl Sulfoxide PhEur USP,D2438-5x10ml,100007089.50ML,Y,Y,,0200001GMP.BUK
13,Raw Material,Sodium Cacodylate,R1104,100004144.100G,Y,N,,0200001GMP.BUK
14,Raw Material,Gluteraldehyde,R1011,100004258.250ml,Y,N,,0200001GMP.BUK
15,Raw Material,16% Formaldehyde,R1026,A0002214.UK,Y,N,,0200001GMP.BUK
16,Raw Material,Water for Injections,22-96-985,A0001215.1L,Y,N,,0200001GMP.BUK
17,Raw Material,TSB,221715,100004760.PK,Y,N,,0200001GMP.BUK
18,Raw Material,TSA,104130,A0001753.UK,Y,Y,,0200001GMP.BUK
19,Base media,Client Supplied Base Media,,,N,N,,0200001GMP.BUK
20,Base media,Client Specified Base Media1,,,N,N,,0200001GMP.BUK
21,Base media,Ex-Cell 302 Media w/o Phenol Red,14326C-1000mL,100007095.1L,Y,Y,,0200001GMP.BUK
22,Base media,EXCELL CD CHO SERUM FREE MEDIA,14360C-1L,100001370.1L,Y,Y,,0200001GMP.BUK
23,Base media,SFM4CHO,SH30518.01,100004872.5L,Y,Y,,0200001GMP.BUK
24,Base media,CH-CHO ,10743029,100007094.1000ml,Y,Y,,0200001GMP.BUK
25,Base media,Ex-cell 302,14324C-1000ML,A0001736.UK,Y,Y,,0200001GMP.BUK
26,Base media,HyQ SFM4 CHO Media,SH30549.02,100004117.1L,Y,Y,,0200001GMP.BUK
27,Base media,CD OptiCHO,12681-011,100005048.1L,Y,Y,,0200001GMP.BUK
28,Base media,MEM MEDIUM (1X),22571-020,100004128.500ML,Y,N,,0200001GMP.BUK
29,Base media,DMEM (powder),D5648-2x5L,100004788.PK,Y,N,,0200001GMP.BUK
30,Base media,DMEM/ F-12 (1:1),51445C,100004981.1L,Y,N,,0200001GMP.BUK
31,Base media,Ex-cell 325 ,14340C-1000ML,A0001738.UK,Y,N,,0200001GMP.BUK
32,Base media,Ex-cell CHO DHFR,C8862-1L,100004534.1L,Y,N,,0200001GMP.BUK
33,Base media,DMEM High Glucose,61965-059,100004274.10PK500ML,Y,N,,0200001GMP.BUK
34,Base media,Medium 199 1x,31150-022,100004958.500ML,Y,N,,0200001GMP.BUK
35,Base media,DMEM (HG) W/NA PYR (CE),41966-029,100001324.500ML,Y,N,,0200001GMP.BUK
36,Base media,Ex-Cell ACF CHO Medium,C5467-1L,100004891.1L,Y,N,,0200001GMP.BUK
37,Base media,Minimum Essential Medium Eagle (powder),M0894-10x1L,100004890.,Y,N,,0200001GMP.BUK
38,Base media,Minimum Essential Medium (MEM)(1X) Liquid,21575-022,100004907.500ML,Y,N,,0200001GMP.BUK
39,Base media,VP-SFM (1X) Liquid,11681-020,A11681020.UK,Y,N,,0200001GMP.BUK
40,Base media,DMEM/F12 HAM,D8062-500ml,100004776.500ML,Y,N,,0200001GMP.BUK
41,Base media,DMEM (high glucose),D5796-1L,100005032.1L,Y,N,,0200001GMP.BUK
42,Base media,Sf-900 III SFM,12658-027,100004789.1L,Y,N,,0200001GMP.BUK
43,Base media,DMEM (sterile filtered),D5671-6x500ml,100005047,Y,N,,0200001GMP.BUK
44,Base Media,CHO-S-SFM II,31033-020,100004495.500ML,Y,N,,0200001GMP.BUK
45,Base Media,DMEM,D5546,100004538.PK,Y,N,,0200001GMP.BUK
46,Supplement,Client Supplied Supplement,,,N,N,,0200001GMP.BUK
47,Supplement,Client Specified Supplement1,,,N,N,,0200001GMP.BUK
48,Supplement,Pen Strep,15140-122,100000777.100ml,Y,Y,,0200001GMP.BUK
49,Supplement,Fungizone,15290-026,100000670.50ml,Y,Y,,0200001GMP.BUK
50,Supplement ,L-Glutamine,25030-024,100007081.100ML,Y,Y,,0200001GMP.BUK
51,Supplement,Sodium Pyruvate,11360-039,100001306.100ml,Y,Y,,0200001GMP.BUK
52,Supplement,Non Essential Amino Acids,11140035,100000846.100ml,Y,Y,,0200001GMP.BUK
53,Supplement,HEPES,H0887-20ml,A0001286.20ML,Y,Y,,0200001GMP.BUK
54,Supplement,L-METHIONINE SULFOXIMINE,M5379-1G,A0002147.UK,Y,N,,0200001GMP.BUK
55,Supplement,HEPES,15630-056,100001266.100ml,Y,N,,0200001GMP.BUK
56,Supplement,Gentamycin,15710-049,100001267.500ml,Y,Y,,0200001GMP.BUK
57,Supplement,L-Glutamine,G7513-100ml,100003552.,Y,N,,0200001GMP.BUK
58,Supplement,Glutamax,35050-038,100004273.BT,Y,N,,0200001GMP.BUK
59,Supplement,Vitamin K1,95271-1G,A0001768.UK,Y,N,,0200001GMP.BUK
60,Supplement,HT Supplement,11067-030,100004986.50ML,Y,N,,0200001GMP.BUK
61,Supplement,250x Cholesterol lipid,12531-018,100004300.100ML,Y,N,,0200001GMP.BUK
62,Supplement,Insulin,I-9278,A0001292.UK,Y,N,,0200001GMP.BUK
63,Supplement,GSEM Supplement,G9785-100ml,100005049.100ml,Y,Y,,0200001GMP.BUK
64,Supplement,Sodium Bicarbonate,S5761-500G,100004679.500G,Y,N,,0200001GMP.BUK
65,Supplement,L-Proline,P0380-100G,100004431.100G,Y,N,,0200001GMP.BUK
66,Supplement,D-Glucose Solution 45% in H2O,G8769-100ML,100003632.100ML,Y,N,,0200001GMP.BUK
2,Media,HG DMEM,41965-039,100000705.500ml,Y,Y,N,032930GMP.BUK
3,Raw Material,Pen/Strep,15140-122,100000777.100ml,Y,Y,Y (BPBT0609),032930GMP.BUK
4,Raw Material,NEAA,11140-035,100000846.100ml,Y,Y,Y (BPBT0609),032930GMP.BUK
5,Raw Material,L-Glutamine,25030-024,100007081.100ml,Y,Y,Y (BPBT0609),032930GMP.BUK
6,Raw Material,HBSS,14170-088,100000794.500ml,Y,Y,N,032930GMP.BUK
7,Raw Material,Trypsin,25300-062,A25300062.500ml,Y,Y,N,032930GMP.BUK
8,Supplemented media,10% HG DMEM,041-95943M,A04191881.500ml,Y,Y,Y (BPBT0609),032930GMP.BUK
9,Raw Material,Gentamicin,15710-049,100001267.500ml,Y,Y,Y (BPBT0609),032930GMP.BUK
10,Raw Material,PBS,14040-083,100000856.100ml,Y,Y,N,032930GMP.BUK
11,Raw Material,Acetone,CHE1040,A0000140.2’5L,Y,N,N,032930GMP.BUK
12,Raw Material,Giemsa,G5637,A0000894.25G,Y,N,N,032930GMP.BUK
13,Raw Material,Methanol,M14000/17,A0000095.2.5L,Y,N,N,032930GMP.BUK
14,Blood,Chick RBC,SB-000817-U,100002723.,Y,Y,Y (KPBT4629),032930GMP.BUK
15,Blood,Guinea Pig RBC,PB030,A0000991.UK,Y,Y,Y (KPBT4629),032930GMP.BUK
16,Blood,Human RBC,Z416,A0000096.UK,Y,Y,Y (KPBT4629),032930GMP.BUK
17,Detector Cells,BT cells,CRL-1390,100000227.WCB,N,Y,Y (KPBT6433),032930GMP.BUK
18,Detector Cells,Vero Cells,CRL-1586,100000253.WCB,N,Y,Y (KPBT6433),032930GMP.BUK
19,Raw Material,Fungizone,15290-026,100000670.50ml,Y,Y,Y (BPBT0609),032930GMP.BUK
20,Raw Material,Trypan Blue,T-8154-100ML,A0000964.100ML,Y,Y,N,032930GMP.BUK
21,Raw Material,BAV-1 Antisera,210-58-BAV1,100004817.,Y,Y,Y (KPBT6502),032930GMP.BUK
22,Raw Material,BPV Antisera,210-67-BPV,A0001035.UK,Y,Y,Y (KPBT6502),032930GMP.BUK
23,Raw Material,BRSV Antisera,210-63-BRSV,A0001034.UK,Y,Y,Y (KPBT6502),032930GMP.BUK
24,Raw Material,BVD Antisera,210-61-BVD,A0001033.UK,Y,Y,Y (KPBT6502),032930GMP.BUK
25,Raw Material,BTV Antisera,CJ-F-BT-MAB,A0001029.UK,Y,Y,Y (KPBT6502),032930GMP.BUK
26,Raw Material,Reo Antisera,210-04-REO,A0001028.UK,Y,Y,Y (KPBT6502),032930GMP.BUK
27,Raw Material,PI3 Antisera,210-53-PI3,A0001030.UK,Y,Y,Y (KPBT6502),032930GMP.BUK
28,Raw Material,Vectashield,H-1000,A0001014.UK,Y,Y,Y (KPBT4628),032930GMP.BUK
29,Raw Material,Tween 20,P1379-100ml,A0000932.100ML,Y,N,Y (KPBT4628),032930GMP.BUK
30,Raw Material,PBS (Sachets),P3813-10PAK,A0000935.10PK,Y,N,Y (KPBT4628),032930GMP.BUK
31,Raw Material,Rabies Antisera,800-092,100007240.UK,Y,N,Y (KPBT6502),032930GMP.BUK
1,Material type,Name,, ,Y/N,Y/N,Y/N,102024GMP.BUK
2,InHouse Media,G - Broth,KPBT6337,100000334.,N,Y,Y,102024GMP.BUK
3,InHouse Media,G - Agar,KPBT6337,100000363.,N,Y,Y,102024GMP.BUK
4,InHouse Media,A- Agar,BPBT1712,100000362.,N,Y,Y,102024GMP.BUK
5,InHouse Media,Diluent Broth,BPBT1710,100000337,N,Y,Y,102024GMP.BUK
6,Mycoplasma - Positive Control,M Orale 29802 Working,ATCC 29082,A0002028.WMB,Y,Y,Y,102024GMP.BUK
7,Mycoplasma - Positive Control,M Pneumoniae 29085 Working,ATCC 29085,A0002027.WMB,Y,Y,Y,102024GMP.BUK
8,Mycoplasma - Positive Control,A Laidlawii 23206 Working,ATCC 23206,A0002024.WMB,Y,Y,Y,102024GMP.BUK
9,Mycoplasma – Positive Control,M Pneumoniae 15531 Working,ATCC 15331,A0002020.WMB,Y,Y,Y,102024GMP.BUK
10,Mycoplasma – Positive Control,M Oracle 23714 Working,ATCC 23714,A0002025.WMB,Y,Y,Y,102024GMP.BUK
11,Mycoplasma – Positive Control,M Fermentans 19989 Working,ATCC 19989,100004651.WMB,Y,Y,Y,102024GMP.BUK
12,Base Media,DMEM ABF,41965-039,100000705,Y,Y,,102024GMP.BUK
2,Buffer,Denaturation Buffer,4390295,100000677.,Y,N,N,104022GMP.BUK
3,Buffer,Neutralisation Buffer,04390-293,100001285.,Y,N,N,104022GMP.BUK
4,Buffer,20 x SSC,15557-036,100004829.4L,Y,N,N,104022GMP.BUK
5,Buffer,1 x TAE,4390291,100000678.,Y,N,N,104022GMP.BUK
6,Buffer,10x Blue Juice loading buffer,10816015,100000721.3 x 1ml,Y,N,N,104022GMP.BUK
7,Buffer,X-ray developer,RGD,A0000089.5L,Y,N,N,104022GMP.BUK
8,Buffer,X-ray fixer,5518,A0000090.5L,Y,N,N,104022GMP.BUK
9,Buffer,TE pH8.0,V6231,A0000554.100ml,Y,N,N,104022GMP.BUK
10,Reagent,Ethidium Bromide,15585-011,100001261.,Y,N,N,104022GMP.BUK
11,Reagent,Ethanol,15338,A0000104.2’5L,Y,N,N,104022GMP.BUK
12,Reagent,Deoxycytidine 5' Triphosphate (DcTP) (32P),NEG013H250UC,100004446.,Y,N,N,104022GMP.BUK
13,Reagent,Isopropanol,20842.323,A0000081.2’5L,Y,N,N,104022GMP.BUK
14,Reagent,Low Mass DNA ladder,10068-013,100000716.200UL,Y,N,N,104022GMP.BUK
15,Reagent,High Mass DNA ladder,10496-016,100000713.200UL,Y,N,N,104022GMP.BUK
16,Reagent,1KB ladder,15615-016_,100001265.250UG,Y,N,N,104022GMP.BUK
17,Reagent,Agarose,16500-500,100001257.500G,Y,N,N,104022GMP.BUK
18,Reagent,Nuclease free Water,P1193,A0000551.50ml,Y,N,N,104022GMP.BUK
19,Reagent,dNTPS,N808-0007,A0000294.10mm 1 SET,Y,N,N,104022GMP.BUK
20,Kit,Taq DNA polymerase Kit,201203,100004882.250U,Y,N,N,104022GMP.BUK
21,Kit,Random prime kit,11004760001,100004665.KIT,Y,N,N,104022GMP.BUK
22,Kit,High Pure PCR product purification Kit,11732668001,100004425.EA,Y,N,N,104022GMP.BUK
23,Kit,Nick columns,17085502,A0000226.UK,Y,N,N,104022GMP.BUK
24,Restriction Endonucleases,Various depending on individual client specifications.,,,N,N,N,104022GMP.BUK
25,Primers,Custom depending on individual client specifications,,,N,N,N,104022GMP.BUK
26,Probe,Custom depending on individual client specifications,,,N,N,N,104022GMP.BUK
27,Buffer,0.25M HCL,,,N,N,RP#140,104022GMP.BUK
28,Buffer,2xSSC,,,N,N,RP#203,104022GMP.BUK
29,Buffer,Hybridisation buffer,,,N,N,RP#045,104022GMP.BUK
30,Buffer,0.1xSSC/0.1%SDS,,,N,N,RP#218,104022GMP.BUK
31,Buffer,2xSSC/0.1%SDS,,,N,N,RP#046,104022GMP.BUK
32,Reagent,Salmon sperm DNA,,,N,N,RP#050,104022GMP.BUK
33,Reagent,5%TCA/1%NaPPO4,,,N,N,RP#19,104022GMP.BUK
34,Reagent,70% Ethanol,,,N,N,RP#149,104022GMP.BUK
35,Reagent,10M Ammonium acetate,,,N,N,RP#67,104022GMP.BUK
2,Restriction Endonucleases,Hinf I,R0155S,100007300.UK,Y,N,N,104023889GMP.BUK
3,Reagent,CDP star,120175,A0000299.100ML,Y,N,N,104023889GMP.BUK
4,Buffer,Denaturation Buffer,N1531-1L,100009143.UK,Y,N,N,104023889GMP.BUK
5,Buffer,Neutralisation Buffer,04390-293,100001285.UK,Y,N,PROC-BREL_UK-OP-047162,104023889GMP.BUK
6,Buffer,20 x SSC,15557-036,100004829.4L,Y,N,N,104023889GMP.BUK
7,Buffer,1 x TAE,4390291,100000678.UK,Y,Y,N,104023889GMP.BUK
8,Buffer,1 x TBE,043-90296,100000646.UK,Y,Y,N,104023889GMP.BUK
9,Reagent,Ethidium Bromide,15585-011,100001261.UK,Y,Y,N,104023889GMP.BUK
10,Buffer,10x Blue Juice loading buffer,10816015,100000721.3x1ML,Y,N,N,104023889GMP.BUK
11,Buffer,X-ray developer,RGD,A0000089.5L,Y,N,N,104023889GMP.BUK
12,Buffer,X-ray fixer,5518,A0000090.5L,Y,N,N,104023889GMP.BUK
13,Buffer,0.25M HCl,,,N,N,PROC-BREL_UK-OP-047162,104023889GMP.BUK
14,Buffer,NICE Pre-hybridisation buffer      ,,,N,N,PROC-BREL_UK-OP-047162,104023889GMP.BUK
15,Buffer,NICE wash 1,,,N,N,PROC-BREL_UK-OP-047162,104023889GMP.BUK
16,Buffer,NICE wash 2,,,N,N,PROC-BREL_UK-OP-047162,104023889GMP.BUK
17,Buffer,NICE hybridsation buffer,,,N,N,PROC-BREL_UK-OP-047162,104023889GMP.BUK
18,Buffer,CDP star assay buffer,,,N,N,PROC-BREL_UK-OP-047162,104023889GMP.BUK
19,Buffer,1 x SSC,,,N,N,PROC-BREL_UK-OP-047162,104023889GMP.BUK
20,Buffer,Spermidine,,,N,N,PROC-BREL_UK-OP-047162,104023889GMP.BUK
21,Probe,AP-conjugated MLP 33.15,,,N,N,N,104023889GMP.BUK
22,Chemical,Trizma base,T1503,100001345,Y,N,N,104023889GMP.BUK
23,Chemical,Trizma hydrochloride,T3253,100007854,Y,N,N,104023889GMP.BUK
24,Chemical,Sodium chloride,S3014,100004421,Y,N,N,104023889GMP.BUK
25,Lab supplies,Hyperfilm,28906848,A0000086.25PK,Y,N,N,104023889GMP.BUK
26,Reagent,Agarose,15510-027,100005038,Y,N,N,104023889GMP.BUK
27,Lab supplies,Hybond-N+ Membrane,RPN303B,A0000245.UK,Y,N,N,104023889GMP.BUK
28,Lab supplies,3MM Chromatography paper,3030-917,A0000141,Y,N,N,104023889GMP.BUK
29,Assay_104889GMP_104023GMP,DNA Fingerprinting of Cell lines (incl with a single multi-locus probe),Inventory Control,Inventory Control,Inventory Control,Inventory Control,Inventory Control,104023889GMP.BUK
30,Assay_104889GMP_104023GMP,DNA Fingerprinting of Cell lines (incl with a single multi-locus probe),Supplier Catalogue Number,Oracle Part Number,Inventory Control,Release_Specification,In House/ secondary_BOM,104023889GMP.BUK
31,Material type,Name,Supplier Catalogue Number,Oracle Part Number,Y/N,Y/N,Y/N,104023889GMP.BUK
32,Ladder,1kb+ DNA ladder,10787018,100007375,Y,N,N,104023889GMP.BUK
33,Chemical,Sodium dodecyl sulfate (SDS),L4390-500G,100004580.500G,Y,N,N,104023889GMP.BUK
34,Reagent,20% Sodium dodecyl sulfate (SDS),,,N,N,PROC-BREL_UK-OP-047162,104023889GMP.BUK
35,Reagent,1% Sodium dodecyl sulfate (SDS),,,N,N,PROC-BREL_UK-OP-047162,104023889GMP.BUK
36,Reagent,2 x SSC,,,N,N,PROC-BREL_UK-OP-047162,104023889GMP.BUK
2,Restriction Endonucleases,Hae III,R0108S,100007301.UK,Y,N,N,104885GMP.BUK
3,Restriction Endonucleases,Hinf I,R0155S,100007300.UK,Y,N,N,104885GMP.BUK
4,Reagent,CDP star,120175,A0000229.100ML,Y,N,N,104885GMP.BUK
5,Buffer,Denaturation Buffer,N1531-1L,100009143.UK,Y,N,N,104885GMP.BUK
6,Buffer,Neutralisation Buffer,04390-293,100001285.,Y,N,PROC-BREL_UK-OP-047162,104885GMP.BUK
7,Buffer,20 x SSC,15557-036,100004829.4L,Y,N,N,104885GMP.BUK
8,Buffer,1 x TAE,4390291,100000678.,Y,Y,N,104885GMP.BUK
9,Buffer,1 x TBE,043-90296,100000646.,Y,Y,N,104885GMP.BUK
10,Reagent,Ethidium Bromide,15585-011,100001261.,Y,Y,N,104885GMP.BUK
11,Buffer,10x Blue Juice loading buffer,10816015,100000721.3x1ML,Y,N,N,104885GMP.BUK
12,Buffer,X-ray developer,RGD,A0000089.5L,Y,N,N,104885GMP.BUK
13,Buffer,X-ray fixer,5518,A0000090.5L,Y,N,N,104885GMP.BUK
14,Buffer,0.25M HCl,,,N,N,PROC-BREL_UK-OP-047162,104885GMP.BUK
15,Buffer,NICE Pre-hybridisation buffer      ,,,N,N,PROC-BREL_UK-OP-047162,104885GMP.BUK
16,Buffer,NICE wash 1,,,N,N,PROC-BREL_UK-OP-047162,104885GMP.BUK
17,Buffer,NICE wash 2,,,N,N,PROC-BREL_UK-OP-047162,104885GMP.BUK
18,Buffer,NICE hybridsation buffer,,,N,N,PROC-BREL_UK-OP-047162,104885GMP.BUK
19,Buffer,CDP star assay buffer,,,N,N,PROC-BREL_UK-OP-047162,104885GMP.BUK
20,Buffer,1 x SSC,,,N,N,PROC-BREL_UK-OP-047162,104885GMP.BUK
21,Buffer,Spermidine,,,N,N,PROC-BREL_UK-OP-047162,104885GMP.BUK
22,Probe,AP-conjugated MLP 33.15,,,N,N,N,104885GMP.BUK
23,Water,Nuclease Free Water,P1193,A0000551.50ML,Y,N,N,104885GMP.BUK
24,Reagent,1 kb DNA ladder,10787018,100007375,Y,N,N,104885GMP.BUK
25,Agarose,Agarose,15510-027,100005038,Y,N,N,104885GMP.BUK
26,Lab supplies,Hyperfilm,28906848,A0000086.25PK,Y,N,N,104885GMP.BUK
27,Chemical,Sodium dodecyl sulfate (SDS),L4390-500G,100004580.500G,Y,N,N,104885GMP.BUK
28,Reagent,20% Sodium dodecyl sulfate (SDS),,,N,N,PROC-BREL_UK-OP-047162,104885GMP.BUK
29,Reagent,1% Sodium dodecyl sulfate (SDS),,,N,N,PROC-BREL_UK-OP-047162,104885GMP.BUK
30,Reagent,2 x SSC,,,N,N,PROC-BREL_UK-OP-047162,104885GMP.BUK
31,Lab supplies,Hybond-N+ Membrane,RPN303B,A0000245.UK,Y,N,N,104885GMP.BUK
32,Lab supplies,3MM Chromatography paper,3030-917,A0000141,Y,N,N,104885GMP.BUK
33,Chemical,Trizma base,T1503,100001345,Y,N,N,104885GMP.BUK
34,Chemical,Trizma hydrochloride,T3253,100007854,Y,N,N,104885GMP.BUK
35,Chemical,Sodium chloride,S3014,100004421,Y,N,N,104885GMP.BUK
2,Extraction kit,RNeasy Mini Kit,74104,A0000578.UK,Y,Y,N,106602GMP.BUK
3,Consumables,Collection tubes,19201,A0000568.2ML,Y,N,N,106602GMP.BUK
4,Buffer,1x Phosphate Buffered Saline (PBS) _1x Dulbecco’s PBS + CA + MG,14040083__14040091,100000856.100ml__100000718.500ml,Y,Y,N,106602GMP.BUK
5,Solvent,Ethanol,101074F_153386F_283047K,A00001044.UK_A0000104 .2'5 L_A0001860.UK,Y,N,KPBT4413,106602GMP.BUK
6,Enzyme,RNase Free DNase,79254,A0000581.UK,Y,Y,N,106602GMP.BUK
7,Enzyme,DNase I (amplification grade),18068-015,100004765.100UN,Y,Y,N,106602GMP.BUK
8,Chemical,β-mercaptoethanol,M3148-25ml,A0001303.25ML,Y,Y,N,106602GMP.BUK
9,cDNA Preparation Kit,ThermoScript. RT-PCR System,11146016,100000847.100RXN,Y,Y,N,106602GMP.BUK
10,cDNA Preparation  Kit,SuperScript. III First-Strand Synthesis System for RT-PCR,18080-051,100004396.50PK,Y,Y,N,106602GMP.BUK
11,PCR Kit,Fast start Taq DNA polymerase kit,12032945001,100004425.EA ,Y,Y,N,106602GMP.BUK
12,dNTPs,"ATP, GTP, TTP and CTP",N8080007 (10mM),A0000294.10MM1 SET,Y,Y,N,106602GMP.BUK
13,Water,Nuclease Free Water,"129115, _P1193","100004189.1000ML, A0000551.50ML",Y,Y,N,106602GMP.BUK
14,Chemical,Agarose,15510-027 ,100001257.500G,Y,Y,N,106602GMP.BUK
15,Reagent,10x Blue Juice Loading Buffer,10816015 ,100000721.3X1ML,Y,Y,N,106602GMP.BUK
16,Reagent,Gel Star Nucleic Acid Stain,50535,100004202.2PK,Y,Y,N,106602GMP.BUK
17,Reagent,Ethidium Bromide Solution,15585-011,100001261.,Y,Y,N,106602GMP.BUK
18,Buffer,1 x TBE buffer,043-90296,100000646.,Y,Y,N,106602GMP.BUK
19,Buffer,1 x TAE buffer,4390291,100000678.,Y,Y,N,106602GMP.BUK
20,Buffer,10 x TBE buffer,15581-028,100001260.10L,Y,Y,KPBT4413,106602GMP.BUK
21,Buffer,10 x TAE buffer,15558-034,100001259.10L,Y,Y,KPBT4413,106602GMP.BUK
22,Molecular Weight Marker,100bp DNA Ladder,15628-019,100001264.50UG,Y,Y,N,106602GMP.BUK
23,Molecular Weight Marker,1Kb DNA Ladder,15615-016 ,100001265.250UG,Y,Y,N,106602GMP.BUK
24,Purification Kit,PCR Purification Kit,28104,A0000571.UK,Y,Y,N,106602GMP.BUK
25,Buffer,Buffer QG,19063,100004773.250ML,Y,Y,N,106602GMP.BUK
26,Molecular Weight Marker,Low DNA Mass Ladder,10068013 ,100000716.200UL,Y,Y,N,106602GMP.BUK
27,DNA sequencing Kit,BigDye Terminator v3.1,4337456,A0001976.UK,Y,N,N,106602GMP.BUK
28,Polymer,POP 7 Polymer,4352759,A0001975.UK,Y,Y,N,106602GMP.BUK
29,Reagent,BetaineSolution,B0300.1vl ,100004892.VL,Y,Y,N,106602GMP.BUK
30,Buffer,Big Dye Terminator 5 x Sequencing Buffer,4336697,100004321.1ML,Y,Y,N,106602GMP.BUK
31,Buffer,10 x Genetic Analyser Buffer,4335613,A0001977.UK,Y,Y,KPES0553,106602GMP.BUK
32,DNA Sequencing Control Template,pGEM®-3Zf(+) Vector,P2271,100004987.VL,Y,Y,N,106602GMP.BUK
33,DNA Sequencing Control Primer,–21 M13 primer (forward),,,N,N,BA5082,106602GMP.BUK
34,3130 Genetic Analyser Capillaries,"36 cm, 50 cm capillary arrays","4333464, _4333466","100004183.EACH, _A0002206.UK",Y,N,N,106602GMP.BUK
35,3130xl Genetic Analyser Capillaries,"50 cm, 80 cm capillary arrays","4315930,_4319899","100004884.,_100004883.",Y,N,N,106602GMP.BUK
36,Chemical,Sodium Acetate,AM9740,100004531.100ML,Y,Y,N,106602GMP.BUK
37,Chemical,EDTA,AM9260G,100004533.100ML,Y,Y,KPBT4413,106602GMP.BUK
38,Chemical,Hi-Di Formamide,4311320,A0000283.25ML,Y,Y,N,106602GMP.BUK
39,Purification Kit,Big Dye X-terminatorPurification Kit,4376484,100004843.KIT,Y,N,N,106602GMP.BUK
40,Purification Kit,Big Dye X-terminator,4376487,100005016.KIT,Y,N,N,106602GMP.BUK
41,Consumables,Wide bore pipette tips,T-205-WB-C-L-R-S,100004912.,Y,N,N,106602GMP.BUK
2,Media,Luria-Bertani (LB) Broth Base,12795-027 ,100000855.500G,Y,Y,KPBT4413,106603GMP.BUK
3,Media,Luria-Bertani (LB) AgarPowder,L2897-1KG,100004215.1KG,Y,Y,KPBT4413,106603GMP.BUK
4,Antibiotic,Tetracycline HCl,T8032-20MG,A0000963.20MG,Y,Y,KPBT4413,106603GMP.BUK
5,Antibiotic,Tetracycline,T3258-5G,100005086.5G,Y,Y,KPBE4413,106603GMP.BUK
6,Antibiotic,Ampicillin,A2804-50MG,A0000837.50MG,Y,Y,KPBT4413,106603GMP.BUK
7,Antibiotic ,Ampicillin,A9518-5G,100004426.5G,Y,N,KPBT4413,106603GMP.BUK
8,Antibiotic,Kanamycin,K1377-5G,100001620.5G,Y,Y,KPBT4413,106603GMP.BUK
9,Antibiotic,Erythromycin,E5389-5G,100004742.5G,Y,Y,KPBT4413,106603GMP.BUK
10,Extraction kit,QIAGEN Plasmid Maxi Kit,12163,A0000558.UK,Y,Y,N,106603GMP.BUK
11,Solvent,Ethanol,101074F_153386F_283047K,A00001044.UK_A0000104_A0001860.UK,Y,N,KPBT4413,106603GMP.BUK
12,Solvent,Propanol,20842.323,A0000081.2’5l,Y,Y,N,106603GMP.BUK
13,Water,Nuclease Free Water,"129115,_P1193",100004189.100ML_A0000551.50ML,Y,Y,N,106603GMP.BUK
14,DNA sequencing Kit,BigDye Terminator v3.1,4337456,A0001976.UK,Y,N,N,106603GMP.BUK
15,Polymer,POP 7 Polymer,4352759,A0001975.UK,Y,Y,N,106603GMP.BUK
16,Reagent,BetaineSolution,B0300.1vl ,100004892.VL,Y,Y,N,106603GMP.BUK
17,Buffer,Big Dye Terminator 5 x Sequencing Buffer,4336697,100004321.1ML,Y,Y,N,106603GMP.BUK
18,Buffer,10 x Genetic Analyser Buffer,4335613,A0001977.UK,Y,Y,KPES0553,106603GMP.BUK
19,DNA Sequencing Control Template,pGEM®-3Zf(+) Vector,P2271,100004987.VL,Y,Y,Y,106603GMP.BUK
20,DNA Sequencing Control Primer,–21 M13 primer (forward),,,N,N,BA5082,106603GMP.BUK
21,3130 Genetic Analyser Capillaries,"36 cm, 50 cm capillary arrays","4333464, _4333466",100004183.EACH_A0002206.UK,Y,N,N,106603GMP.BUK
22,3130xl Genetic Analyser Capillaries,"50 cm, 80 cm capillary arrays","4315930,_4319899","100004884.,_100004883.",Y,N,N,106603GMP.BUK
23,Chemical,Sodium Acetate,AM9740,100004531.100ML,Y,Y,N,106603GMP.BUK
24,Chemical,EDTA,AM9260G,100004533.100ML,Y,Y,KPBT4413,106603GMP.BUK
25,Chemical,Hi-Di Formamide,4311320,A0000283.25ML,Y,Y,N,106603GMP.BUK
26,Purification Kit,Big Dye X-terminator Purification Kit,4376484 _,100004843.KIT_,Y,N,N,106603GMP.BUK
27,Purification Kit,Big Dye X-terminator Kit,4376487,100005016.KIT,Y,N,N,106603GMP.BUK
28,Consumables,Wide bore pipette tips,T-205-WB-C-L-R-S,100004912.,Y,N,N,106603GMP.BUK
2,Extraction Kit,QIAamp DNA Mini Kit,51304,A0001640.UK,Y,Y,N,106631GMP.BUK
3,Consumables,Collection Tubes,19201,A0000568.2ML,Y,N,N,106631GMP.BUK
4,Buffer,1x Phosphate Buffered Saline (PBS) _1x Dulbeccos PBS + CA+MG,14040083__14040091,100000856.100ml__100000718.500ml,Y,Y,N,106631GMP.BUK
5,Solvent,Ethanol,101074F_153386F_283047K,A00001044.UK_A0000104_A0001860.UK,Y,N,KPBT4413,106631GMP.BUK
6,PCR Kit,Fast start Taq DNA polymerase kit,12032945001,100004425.EA ,Y,Y,N,106631GMP.BUK
7,dNTPs,"ATP, GTP, TTP and CTP",N8080007 (10mM),A0000294.10MM 1SET,Y,Y,N,106631GMP.BUK
8,Water,Nuclease Free Water,"129115, P1193",100004189.100ML_A0000551.50ML,Y,Y,N,106631GMP.BUK
9,Chemical,Agarose,15510-027 ,100001257.500G,Y,Y,N,106631GMP.BUK
10,Reagent,10x Blue Juice Loading Buffer,10816015 ,100000721.3X1ML,Y,Y,N,106631GMP.BUK
11,Reagent,Gel Star Nucleic Acid Stain,50535,100004202.2PK,Y,Y,N,106631GMP.BUK
12,Reagent,Ethidium Bromide Solution,15585-011,100001261.,Y,Y,N,106631GMP.BUK
13,Buffer,1 x TBE buffer,043-90296,100000646.,Y,Y,N,106631GMP.BUK
14,Buffer,1 x TAE buffer,4390291,100000678.,Y,Y,N,106631GMP.BUK
15,Buffer,10 x TBE buffer,15581-028,100001260.10L,Y,Y,KPBT4413,106631GMP.BUK
16,Buffer,10 x TAE buffer,15558-034,100001259.10L,Y,Y,KPBT4413,106631GMP.BUK
17,Molecular Weight Marker,100bp DNA Ladder,15628-019,100001264.50UG,Y,Y,N,106631GMP.BUK
18,Molecular Weight Marker,1Kb DNA Ladder,15615-016 ,100001265.250UG,Y,Y,N,106631GMP.BUK
19,Purification Kit,PCR Purification Kit,28104,A0000571.UK,Y,Y,N,106631GMP.BUK
20,Buffer,Buffer QG,19063,100004773.250ML,Y,Y,N,106631GMP.BUK
21,Molecular Weight Marker,Low DNA Mass Ladder,10068013 ,100000716.200UL,Y,Y,N,106631GMP.BUK
22,DNA sequencing Kit,BigDye Terminator v3.1,4337456,A0001976.UK,Y,N,N,106631GMP.BUK
23,Polymer,POP 7 Polymer,4352759,A0001975.UK,Y,Y,N,106631GMP.BUK
24,Reagent,Betaine Solution,B0300.1vl ,100004892.VL,Y,Y,N,106631GMP.BUK
25,Buffer,Big Dye Terminator 5 x Sequencing Buffer,4336697,100004321.1ML,Y,Y,N,106631GMP.BUK
26,Buffer,10 x Genetic Analyser Buffer,4335613,A0001977.UK,Y,Y,KPES0553,106631GMP.BUK
27,DNA Sequencing Control Template,pGEM®-3Zf(+) Vector,P2271,100004987.VL,Y,Y,KPBT4413,106631GMP.BUK
28,DNA Sequencing Control Primer,–21 M13 primer (forward),,,N,N,BA5802,106631GMP.BUK
29,3130 Genetic Analyser Capillaries,"36 cm, 50 cm capillary arrays","4333464, _4333466",100004183.EACH_A0002206.UK,Y,N,N,106631GMP.BUK
30,3130xl Genetic Analyser Capillaries,"50 cm, 80 cm capillary arrays ","4315930,_4319899","100004884.UK, 100004883.UK ",Y,N,N,106631GMP.BUK
31,Chemical,Sodium Acetate,AM9740,100004531.100ML,Y,Y,N,106631GMP.BUK
32,Chemical,EDTA,AM9260G,100004533.100ML,Y,Y,KPBT4413,106631GMP.BUK
33,Chemical,Hi-Di Formamide,4311320,A0000283.25ML,Y,Y,N,106631GMP.BUK
34,Purification Kit,Big Dye X-terminator Purification Kit,4376484,100004843.KIT,Y,N,N,106631GMP.BUK
35,Purification Kit,Big Dye X-terminator Kit,4376487,100005016.KIT,Y,N,N,106631GMP.BUK
36,Consumables,Wide bore pipette tips,T-205-WB-C-L-R-S,100004912.,Y,N,N,106631GMP.BUK
2,Extraction kit,QIAamp DNA Mini Kit,51304,A0001640.UK,Y,Y,N,106802GMP.BUK
3,Extraction kit,Cell Culture DNA  Kit,13343,A0000560.UK,Y,Y,N,106802GMP.BUK
4,Extraction kit,DNeasy Tissue Kit,69504,A0000575.UK,Y,Y,N,106802GMP.BUK
5,Extraction kit,Genomic DNA Buffer Kit,19060,A0000561.UK,Y,Y,N,106802GMP.BUK
6,Consumables,Genomic Tips 100/G,10243,A0000557.UK,Y,N,N,106802GMP.BUK
7,Consumables,Genomic Tips 500/G,10262,100004301.10PK,Y,N,N,106802GMP.BUK
8,Consumables,Collection tubes,19201,A0000568.2ML,Y,N,N,106802GMP.BUK
9,Enzyme,Proteinase K,19131,A0000565.2ML,Y,Y,N,106802GMP.BUK
10,Buffer,1x Phosphate Buffered Saline (PBS) _1x Dulbeccos PBS +CA+MG,14040083__14040091,100000856.100ml__100000718.500ml,Y,Y,N,106802GMP.BUK
11,Solvent,Ethanol,101074F_153386F_283047K,A00001044.UK_A0000104_A0001860.UK,Y,N,KPBT4413,106802GMP.BUK
12,PCR Kit,Fast start Taq DNA polymerase kit,12032945001,100004425.EA ,Y,Y,N,106802GMP.BUK
13,dNTPs,"ATP, GTP, TTP and CTP",N8080007 (10mM),A0000294.10MM 1SET,Y,Y,N,106802GMP.BUK
14,Water,Nuclease Free Water,"129115, P1193",100004189.1000ML _A0000551.50ML,Y,Y,N,106802GMP.BUK
15,Chemical,Agarose,15510-027 ,100001257.500G,Y,Y,N,106802GMP.BUK
16,Reagent,10x Blue Juice Loading Buffer,10816-015 ,100000721.3x1ML,Y,Y,N,106802GMP.BUK
17,Reagent,Gel Star Nucleic Acid Stain,50535,100004202.2PK,Y,Y,N,106802GMP.BUK
18,Reagent,Ethidium Bromide Solution,15585-011,100001261.,Y,Y,N,106802GMP.BUK
19,Buffer,1 x TBE buffer,043-90296,100000646.,Y,Y,N,106802GMP.BUK
20,Buffer,1 x TAE buffer,4390291,100000678.,Y,Y,N,106802GMP.BUK
21,Buffer,10 x TBE buffer,15581-028,100001260.10L,Y,Y,KPBT4413,106802GMP.BUK
22,Buffer,10 x TAE buffer,15558-034,100001259.10L,Y,Y,KPBT4413,106802GMP.BUK
23,Molecular Weight Marker,100bp DNA Ladder,15628-019,100001264.50UG,Y,Y,N,106802GMP.BUK
24,Molecular Weight Marker,1Kb DNA Ladder,15615-016 ,100001265.250UG,Y,Y,N,106802GMP.BUK
25,Purification Kit,PCR Purification Kit,28104,A0000571.UK,Y,Y,N,106802GMP.BUK
26,Buffer,Buffer QG,19063,100004773.250ML,Y,Y,N,106802GMP.BUK
27,Molecular Weight Marker,Low DNA Mass Ladder,10068013 ,100000716.200UL,Y,Y,N,106802GMP.BUK
28,DNA sequencing Kit,BigDye Terminator v3.1,4337456,A0001976.UK,Y,N,N,106802GMP.BUK
29,Polymer,POP 7 Polymer,4352759,A0001975.UK,Y,Y,N,106802GMP.BUK
30,Reagent,Betaine Solution,B0300.1vl ,100004892.VL,Y,Y,N,106802GMP.BUK
31,Buffer,Bid Dye Terminator 5 x Sequencing Buffer,4336697,100004321.1ML,Y,Y,N,106802GMP.BUK
32,Buffer,10 x Genetic Analyser Buffer,4335613,A0001977.UK,Y,Y,KPES0553,106802GMP.BUK
33,DNA Sequencing Control Template,pGEM®-3Zf(+) Vector,P2271,100004987.VL,Y,Y,KPBT4413,106802GMP.BUK
34,DNA Sequencing Control Primer,–21 M13 primer (forward),,,Y,N,BA5082,106802GMP.BUK
35,3130 Genetic Analyser Capillaries,"36 cm, 50 cm capillary arrays","4333464, _4333466",100004183.EACH_A0002206.UK,Y,N,N,106802GMP.BUK
36,3130xl Genetic Analyser Capillaries,"50 cm, 80 cm capillary arrays ","4315930,_4319899","100004884., 100004883.UK ",Y,N,N,106802GMP.BUK
37,Chemical,Sodium Acetate,AM9740,100004531.100ML,Y,Y,N,106802GMP.BUK
38,Chemical,EDTA,AM9260G,100004533.100ML,Y,Y,KPBT4413,106802GMP.BUK
39,Chemical,Hi-Di Formamide,4311320,A0000283.25ML,Y,Y,N,106802GMP.BUK
40,Purification Kit,Big Dye X-terminator Purification Kit,4376484,100004843.KIT,Y,N,N,106802GMP.BUK
41,Purification Kit,Big Dye X-terminator Kit,4376487,100005016.KIT,Y,N,N,106802GMP.BUK
42,Consumables,Wide Bore Pipette tips,T-205-WB-C-L-R-S,100004912.,Y,N,N,106802GMP.BUK
2,Primer,20µM CPMV-818R Primer,,,N,Y,BA5101,107021GMP.BUK
3,Primer,20µM CPMV-745F Primer,,,N,Y,BA5101,107021GMP.BUK
4,Probe,5µM CPMV-766T Probe,,,N,Y,BA5081,107021GMP.BUK
5,Primer,20µM BPyV Large T 945F Primer,,,N,Y,BA5101,107021GMP.BUK
6,Primer,20µM BPyV Large T 1016R Primer,,,N,Y,BA5101,107021GMP.BUK
7,Probe,5µM BPyV Large T 971T Probe,,,N,Y,BA5081,107021GMP.BUK
8,Primer,20µM BPyV 39F Primer,,,N,Y,BA5101,107021GMP.BUK
9,Primer,20µM BPyV 119R Primer1,,,N,Y,BA5101,107021GMP.BUK
10,Probe,5µM BPyV 65T Probe1,,,N,N,BA5081,107021GMP.BUK
11,DNA,BPyV Large T positive control oligo,,,N,Y,KPBT6440,107021GMP.BUK
12,DNA ,BPyV VP1 positive control oligo1,,,N,Y,KPBT6440,107021GMP.BUK
13,DNA,CPMV Plasmid DNA,,,N,N,BA5099,107021GMP.BUK
14,DNA,Human Placental DNA,CA-972-M_CA-972-F,A0000363_100004480.1MG,Y,N,N,107021GMP.BUK
15,Solvent,Ethanol,101074F_15338_283047K,A00001044.UK_A0000104_A0001860.UK,Y,N,N,107021GMP.BUK
16,PCR master mix,Universal PCR mastermix,4305719,A0000111,Y,Y,N,107021GMP.BUK
17,IPC,Exogenous IPC Reagents,4308321,A0000112.KIT,Y,Y,N,107021GMP.BUK
18,Extraction kit,QIAAMP DNA Mini Kit,51304,A0001640.UK,Y,N,N,107021GMP.BUK
19,Extraction kit,QIAAMP Viral RNA Mini Kit2,52904,A0001641.UK,Y,N,N,107021GMP.BUK
20,Carrier Nucleic Acid,Polyadenylic acid,10108626001,A0000600.100MG,Y,N,N,107021GMP.BUK
21,PBS,Phosphate Buffered Saline (PBS) 1x,14040-083_14040091,100000856.100ml_100000718.500ml,Y,Y,N,107021GMP.BUK
22,Buffer,1 x TE buffer,V6231,A0000554.100ml,Y,N,N,107021GMP.BUK
23,Water,Nuclease Free Water,P1193,A0000551.50ML,Y,N,N,107021GMP.BUK
2,Primer,20µM CPMV-818R Primer,,,N,Y,BA5101,107026GMP.BUK
3,Primer,20µM CPMV-745F Primer,,,N,Y,BA5101,107026GMP.BUK
4,Probe,5µM CPMV-766T Probe,,,N,Y,BA5081,107026GMP.BUK
5,Primer,20µM MMV 658F Primer,,,N,Y,BA5101,107026GMP.BUK
6,Primer,20µM MMV 731R Primer,,,N,Y,BA5101,107026GMP.BUK
7,Probe,5µM  MMV 678T Probe,,,N,Y,BA5081,107026GMP.BUK
8,DNA,pMMV NS1 positive control plasmid,,,N,Y,KPBT6440,107026GMP.BUK
9,DNA,CPMV Plasmid DNA,,,N,N,BA5099,107026GMP.BUK
10,DNA,Human Placental DNA,CA-972-M_CA-972-F,A0000363.UK_100004480.1MG,Y,N,N,107026GMP.BUK
11,Solvent,Ethanol,101074F_15338_283047K,A00001044.UK_A0000104_A0001860.UK,Y,N,N,107026GMP.BUK
12,PCR master mix,Universal PCR mastermix,4305719,A0000111.KIT,Y,Y,N,107026GMP.BUK
13,IPC,Exogenous IPC Reagents,4308321,A0000112.KIT,Y,Y,N,107026GMP.BUK
14,Extraction kit,QIAAMP DNA Mini Kit,51304,A0001640.UK,Y,N,N,107026GMP.BUK
15,Extraction kit,QIAAMP Viral RNA Mini Kit1,52904,A0001641.UK,Y,N,N,107026GMP.BUK
16,Carrier Nucleic Acid,Polyadenylic acid,10108626001,A0000600.100MG,Y,N,N,107026GMP.BUK
17,PBS,Phosphate Buffered Saline (PBS) 1x,14040-083_14040091,100000856.100ml_100000718.500ml,Y,Y,N,107026GMP.BUK
18,Buffer,1 x TE buffer,V6231,A0000554.100ml,Y,N,N,107026GMP.BUK
19,Water,Nuclease Free Water,P1193,A0000551.50ML,Y,N,N,107026GMP.BUK
20,PCR master mix,Eurogentec PCR mastermix,RT-QP2X-03,100004081.,Y,Y,N,107026GMP.BUK
2,Water,Nuclease Free Water,P1193,A0000551.50ML,Y,Y,N,107325GMP.BUK
3,Positive Control Virus,MLV positive control ,ATCC VR1447,100000542.PVB,N,N,N,107325GMP.BUK
4,Media,DMEM,31885023,100000647.500ml,Y,Y,,107325GMP.BUK
5,Media,FBS,10094,100000271.500ML,Y,Y,,107325GMP.BUK
6,Reagent,1.0M Trizma Hydrochloride Solution pH 7.5,T2319-100ml,100008530.UK,N,N,,107325GMP.BUK
7,InHouse Reagent,2.0M KCl,,100004642.,N,N,KPBT6572 Form B,107325GMP.BUK
8,InHouse Reagent,0.5M DTT,,100004641.,N,N,KPBT6572 Form C,107325GMP.BUK
9,InHouse Reagent,20% Igepal,,100004644.,N,N,KPBT6572 Form D,107325GMP.BUK
10,Reagent,Taqman Gold RTPCR Reagents,N808-0234,100004216.PK ,Y,N,,107325GMP.BUK
11,Reagent,50 mM MgCl2 (as part of Taq Polymerase Kit),18067-017,100004242.KIT,Y,N,,107325GMP.BUK
12,RNA,MS2 RNA,165948,100004313.500ML,Y,Y,KPBT6572 Form A,107325GMP.BUK
13,Enzyme,Cloned AMV RT,12328-019 ,100004315.750UN,Y,Y,,107325GMP.BUK
14,Primer,20 µM Primer RT3,,,N,Y,BR Primers BPBT6377,107325GMP.BUK
15,Primer,20 µM Primer RT4,,,N,Y,BR Primers BPBT6377,107325GMP.BUK
16,Probe,5 µM Probe QP-230,,,N,Y,BR Probe BPBT6377,107325GMP.BUK
17,Master Mix,Universal 2x Mix,4305719,A0000111.KIT,Y,Y,,107325GMP.BUK
2,Extraction kit,QIAamp DNA Mini Kit,51304,A0001640.UK,Y,Y,N,107439GMP.BUK
3,Extraction kit,QIAamp  DNeasy Tissue Kit,69504,A0000575,Y,Y,N,107439GMP.BUK
4,PBS,"Phosphate Buffered Saline (PBS), 1x",14040-083_14040091,100000856.100ml_100000718.500ml,Y,Y,N,107439GMP.BUK
5,Water,Nuclease Free Water,P1193,A0000551.50ML,Y,Y,N,107439GMP.BUK
6,Solvent,Ethanol,101074F_153386F_283047K,A00001044.UK_A0000104.2’5L_A0001860.UK,Y,Y,N,107439GMP.BUK
7,Buffer,1 x TE buffer (optional),V6231,A0000554.100ml,Y,N,N,107439GMP.BUK
8,PCR master mix,Universal PCR mastermix,4304437,A0000111.KIT,Y,Y,N,107439GMP.BUK
9,IPC,Exogenous IPC Reagents,4308321,A0000112.KIT,Y,Y,N,107439GMP.BUK
10,Detection reagents (Primers & Probe),Taqman β-Actin Detection Reagents,401846,100004532.100RXN,Y,N,N,107439GMP.BUK
11,Detection reagents (Primers & Probe),Ribosomal RNA Reagents (18s),4308329,A0002207,Y,N,N,107439GMP.BUK
12,Detection reagents (Primers & Probe),Rodent GAPDH Kit,4308313,A0000279,Y,N,N,107439GMP.BUK
13,Primer,Client specific ,,,N,N,BA5101,107439GMP.BUK
14,probe,Client specific,,,N,N,BA5081,107439GMP.BUK
15,DNA,Negative control DNA,,,N,N,02.761,107439GMP.BUK
16,DNA,DNA positive control Plasmid,,,N,N,BR-KPBT6440-PLAS,107439GMP.BUK
2,Extraction Kit,QIAamp DNA mini Kit,51304,A0001640.UK,Y,Y,N,108601GMP.BUK
3,Extraction Kit,QIAamp DNA mini QIAcube Kit,51326,100007449.KIT,Y,Y,N,108601GMP.BUK
4,Consumables,Collection tubes,19201,A0000568.2ML,Y,N,N,108601GMP.BUK
5,Buffer,1x Phosphate Buffered Saline (PBS) _1x Dulbeccos PBS +CA+MG,14040083_14040091,100000856.100ml_100000718.500ml,Y,Y,N,108601GMP.BUK
6,PCR Kit,AmpliTaq Gold 360 PCR Master Mix,4398881,100008580.UK,Y,Y,N,108601GMP.BUK
7,Water,Nuclease Free Water,"129115, P1193",100004189.1000ML _A0000551.50ML,Y,Y,N,108601GMP.BUK
8,Solvent,Ethanol,153386F_283047K,A0000104_A0001860.UK,Y,N,PROC-BREL_UK-OP-036382 (KPBT4413),108601GMP.BUK
9,Chemical,Agarose,15510-027 ,100001257.500G,Y,Y,N,108601GMP.BUK
10,Reagent,10x Blue Juice Loading Buffer,10816-015 ,100000721.3x1ML,Y,Y,N,108601GMP.BUK
11,Reagent,Gel Star Nucleic Acid Stain,50535,100004202.2PK,Y,Y,N,108601GMP.BUK
12,Reagent,ExoSAP-IT Reagent,USBM78200200UL,100009316.UK,Y,N,N,108601GMP.BUK
13,Reagent,Ultra Pure Glycerol,15514011,100008581.UK,Y,N,N,108601GMP.BUK
14,Reagent,Ethidium bromide,15585-011,100001261.UK,Y,Y,N,108601GMP.BUK
15,Buffer,1 x TE Buffer,V6231,A0000554.100ML,Y,N,N,108601GMP.BUK
16,Buffer,1 x TBE buffer,043-90296,100000646.UK,Y,Y,N,108601GMP.BUK
17,Buffer,1 x TAE buffer,4390291,100000678.UK,Y,Y,N,108601GMP.BUK
18,Buffer,10 x TBE buffer,15581-028,100001260.10L,Y,Y,PROC-BREL_UK-OP-036382 (KPBT4413),108601GMP.BUK
19,Buffer,10 x TAE buffer,15558-034,100001259.10L,Y,Y,PROC-BREL_UK-OP-036382 (KPBT4413),108601GMP.BUK
20,Molecular Weight Marker,1Kb Plus DNA Ladder,10787-018 ,100007375.UK,Y,Y,N,108601GMP.BUK
21,Molecular Weight Marker,Low DNA Mass Ladder,10068013 ,100000716.200UL,Y,Y,N,108601GMP.BUK
22,DNA sequencing Kit,BigDye Terminator v3.1,4337456,A0001976.UK,Y,N,N,108601GMP.BUK
23,Polymer,POP 7 Polymer,4352759,A0001975.UK,Y,Y,N,108601GMP.BUK
24,Buffer,Big Dye Terminator 5 x Sequencing Buffer,4336697,100004321.1ML,Y,Y,N,108601GMP.BUK
25,Buffer,10 x Genetic Analyser Buffer,4335613,A0001977.UK,Y,Y,PROC-BREL_UK-OP-036305 (KPES0553),108601GMP.BUK
26,DNA Sequencing Control Template,pGEM®-3Zf(+) Vector,P2271_4337456,100004987.VL_A0001976.UK,Y,Y,PROC-BREL_UK-OP-036382 (KPBT4413),108601GMP.BUK
27,DNA amplification primer *,MUF  Forward PCR primer,,,N,N,N,108601GMP.BUK
28,DNA amplification primer *,MUR  Reverse PCR primer,,,N,N,N,108601GMP.BUK
29,DNA sequencing primer *,M13F Forward sequencing PCR primer,,,N,N,N,108601GMP.BUK
30,DNA sequencing primer *,M13R Reverse sequencing primer,,,N,N,N,108601GMP.BUK
31,3130xl Genetic Analyser Capillaries,"50 cm, 80 cm capillary arrays ","4315930,_4319899","100004884.UK, 100004883.UK ",Y,N,N,108601GMP.BUK
32,Purification Kit,Optima DTR Ultra 96 well plate,1645637_1617946,100009156.UK_100009157.UK,Y,Y,N,108601GMP.BUK
33,Buffer,SeqSaver Sequencing premix dilution buffer ,S3938-2X1ML,100009254.UK,Y,Y,N,108601GMP.BUK
34,Bioanalyser Kit,Agilent DNA 7500 kit,5067-1506,100009216.UK,Y,Y,N,108601GMP.BUK
2,Negative Control DNA,Human Placental DNA,CA-972-M,A0000363.UK,Y,N,N,300100GMP.BUK
3,Negative Control RNA,Human Placental RNA,540025,A0000974.UK,Y,N,N,300100GMP.BUK
4,PCR mastermix,Universal PCR Mastermix,4304437,A0000111.KIT,Y,N,N,300100GMP.BUK
5,RT-PCR mastermix,One Step RT-PCR Mix,4309169,A0001642.UK,Y,N,N,300100GMP.BUK
6,PCR mastermix,Eurogentec QPCR mastermix,RT-QP2X-03,100004081.UK,Y,N,N,300100GMP.BUK
7,RT-PCR mastermix,Eurogentec One Step qPCR RT Mastermix,RT-QPRT-032X,100004423.PK,Y,N,N,300100GMP.BUK
8,PCR mastermix,"Quanta PerfeCTa qPCR SuperMix, ROX",733-1188,100007355.UK,Y,N,N,300100GMP.BUK
9,RT-PCR mastermix,Quanta qScript™ One Step qRT PCR mastermix,733-1259,100007243.KIT,Y,N,N,300100GMP.BUK
10,RT-PCR mastermix,AgPath-ID™ One-Step RT-PCR,4387424,100008119.UK,Y,N,N,300100GMP.BUK
11,IPC,Exogenous IPC Reagents,4308321,A0000112.KIT,Y,N,N,300100GMP.BUK
12,IPC,Universal Exogenous IPC-BHQ reagents,RT-IPCY-B02,100007562.UK,Y,Y,N,300100GMP.BUK
13,Solvent,Ethanol,101074F_15338_283047K,A00001044.UK_A0000104_A0001860.UK,Y,N,N,300100GMP.BUK
14,Extraction kit,QIAsymphony Residual NA Kit2,931855,100007858.KIT,Y,N,N,300100GMP.BUK
15,Extraction kit,QIAAMP DNA Mini Kit,51304,A0001640.UK,Y,N,N,300100GMP.BUK
16,Extraction kit,QIAAMP Viral RNA Mini Kit2,52904,A0001641.UK,Y,N,N,300100GMP.BUK
17,Extraction kit,RNeasy Mini Kit2,74104,A0000578.UK,Y,N,N,300100GMP.BUK
18,Extraction kit,QIAAMP DNA Mini QIAcube Kit2,51326,100007449.KIT,Y,N,N,300100GMP.BUK
19,Extraction kit,QIAAMP Viral RNA Mini QIAcube Kit2,52926,100007446.KIT,Y,N,N,300100GMP.BUK
20,Extraction kit,RNeasy Mini QIAcube Kit2,74116,100007450.KIT,Y,N,N,300100GMP.BUK
21,PBS,Phosphate Buffered Saline (PBS) 1x,14040-083_14040091,100000856.100ml_100000718.500ml,Y_Y,Y_Y,N_N,300100GMP.BUK
22,Buffer,1 x TE buffer,V6231,A0000554.100ml,Y,N,N,300100GMP.BUK
23,Water,Nuclease Free Water,P1193,A0000551.50ML,Y,N,N,300100GMP.BUK
24,Carrier Nucleic Acid,Polyadenylic acid,10108626001,A0000600.100MG,Y,N,N,300100GMP.BUK
25,300101 Primer,40µm HSV 1/2 90168 F ,,,N,Y,KPBT6377*,300100GMP.BUK
26,300101 Primer,40µm HSV 1/2 90168 R ,,,N,Y,KPBT6377*,300100GMP.BUK
27,300101 Probe,20µm HSV 1/2 90168 FAM-MGB ,,,N,Y,KPBT6377*,300100GMP.BUK
28,300102 Primer,40µm B19 90200 F ,,,N,Y,KPBT6377*,300100GMP.BUK
29,300102 Primer,40µm B19 90200 R ,,,N,Y,KPBT6377*,300100GMP.BUK
30,300102 Probe,20µm B19 90200 FAM-MGB ,,,N,Y,KPBT6377*,300100GMP.BUK
31,300103 Primer,40µm EBV 90207 F ,,,N,Y,KPBT6377*,300100GMP.BUK
32,300103 Primer,40µm EBV 90207 R ,,,N,Y,KPBT6377*,300100GMP.BUK
33,300103 Probe,20µm EBV 90207 FAM-MGB ,,,N,Y,KPBT6377*,300100GMP.BUK
34,300104 Primer,40µm SV40 90211 F ,,,N,Y,KPBT6377*,300100GMP.BUK
35,300104 Primer,40µm SV40 90211 R ,,,N,Y,KPBT6377*,300100GMP.BUK
36,300104 Probe,20µm SV40 90211 FAM-MGB ,,,N,Y,KPBT6377*,300100GMP.BUK
37,300105 Primer,40µm HHV5 hCMV 90212 F ,,,N,Y,KPBT6377*,300100GMP.BUK
38,300105 Primer,40µm HHV5 hCMV 90212 R ,,,N,Y,KPBT6377*,300100GMP.BUK
39,300105 Probe,20µm HHV5 hCMV 90212 FAM-MGB ,,,N,Y,KPBT6377*,300100GMP.BUK
40,300106 Primer,40µm HHV6 90216 F ,,,N,Y,KPBT6377*,300100GMP.BUK
41,300106 Primer,40µm HHV6 90216 R ,,,N,Y,KPBT6377*,300100GMP.BUK
42,300106 Probe,20µm HHV6 90216 FAM-MGB ,,,N,Y,KPBT6377*,300100GMP.BUK
43,300107 Primer,40µm HHV7 90227 F  ,,,N,Y,KPBT6377*,300100GMP.BUK
44,300107 Primer,40µm HHV7 90227 R ,,,N,Y,KPBT6377*,300100GMP.BUK
45,300107 Probe,20µm HHV7 90227 FAM-MGB ,,,N,Y,KPBT6377*,300100GMP.BUK
46,300108 Primer,40µm HHV8 90223 F ,,,N,Y,KPBT6377*,300100GMP.BUK
47,300108 Primer,40µm HHV8 90223 R ,,,N,Y,KPBT6377*,300100GMP.BUK
48,300108 Probe,20µm HHV8 90223 FAM-MGB ,,,N,Y,KPBT6377*,300100GMP.BUK
49,300109 Primer,40µm HIV-1 90327 FA ,,,N,Y,KPBT6377*,300100GMP.BUK
50,300109 Primer,40µm HIV-1 90327 FB ,,,N,Y,KPBT6377*,300100GMP.BUK
51,300109 Primer,40µm HIV-1 90327 FC ,,,N,Y,KPBT6377*,300100GMP.BUK
52,300109 Primer,40µm HIV-1 90327 FD ,,,N,Y,KPBT6377*,300100GMP.BUK
53,300109 Primer,40µm HIV-1 90327 FE ,,,N,Y,KPBT6377*,300100GMP.BUK
54,300109 Primer,40µm HIV-1 90327 FF ,,,N,Y,KPBT6377*,300100GMP.BUK
55,300109 Primer,40µm HIV-1 90327 FG ,,,N,Y,KPBT6377*,300100GMP.BUK
56,300109 Primer,40µm HIV-1 90327 R ,,,N,Y,KPBT6377*,300100GMP.BUK
57,300109 Probe,20µm HIV-1 90327 FAM-MGB ,,,N,Y,KPBT6377*,300100GMP.BUK
58,300110 Primer,40µm HIV-2 90310 F1 ,,,N,Y,KPBT6377*,300100GMP.BUK
59,300110 Primer,40µm HIV-2 90310 F2,,,N,Y,KPBT6377*,300100GMP.BUK
60,300110 Primer,40µm HIV-2 90310 R1 ,,,N,Y,KPBT6377*,300100GMP.BUK
61,300110 Primer,40µm HIV-2 90310 R2,,,N,Y,KPBT6377*,300100GMP.BUK
62,300110 Primer,40µm HIV-2 90310 R3 ,,,N,Y,KPBT6377*,300100GMP.BUK
63,300110 Primer,40µm HIV-2 90310 R4 ,,,N,Y,KPBT6377*,300100GMP.BUK
64,300110 Primer,40µm HIV-2 90310 R5 ,,,N,Y,KPBT6377*,300100GMP.BUK
65,300110 Primer,40µm HIV-2 90310 R6 ,,,N,Y,KPBT6377*,300100GMP.BUK
66,300110 Probe,20µm HIV-2 90310 MGB1 ,,,N,Y,KPBT6377*,300100GMP.BUK
67,300110 Probe,20µm HIV-2 90310 MGB2 ,,,N,Y,KPBT6377*,300100GMP.BUK
68,300110 Probe,20µm HIV-2 90310 MGB3 ,,,N,Y,KPBT6377*,300100GMP.BUK
69,300111 Primer,40µm HBV 90260 F ,,,N,Y,KPBT6377*,300100GMP.BUK
70,300111 Primer,40µm HBV 90260 R1 ,,,N,Y,KPBT6377*,300100GMP.BUK
71,300111 Probe,20µm HBV 90260 FAM-MGB ,,,N,Y,KPBT6377*,300100GMP.BUK
72,300112 Primer,40µm HCV F ,,,N,Y,KPBT6377*,300100GMP.BUK
73,300112 Primer,40µm HCV R ,,,N,Y,KPBT6377*,300100GMP.BUK
74,300112 Probe,20µm HCV FAM-MGB ,,,N,Y,KPBT6377*,300100GMP.BUK
75,300113 Primer,40µm HTLV 90269 F1 ,,,N,Y,KPBT6377*,300100GMP.BUK
76,300113 Primer,40µm HTLV 90269 R2 (LNA) ,,,N,Y,KPBT6377*,300100GMP.BUK
77,300113 Probe,20µm HTLV 90269 FAM-MGB ,,,N,Y,KPBT6377*,300100GMP.BUK
78,300114 Primer,40µm HAV 90262 F1 ,,,N,Y,KPBT6377*,300100GMP.BUK
79,300114 Primer,40µm HAV 90262 R1 ,,,N,Y,KPBT6377*,300100GMP.BUK
80,300114 Probe,20µm HAV 90262(124) MGB ,,,N,Y,KPBT6377*,300100GMP.BUK
81,Primer,20µm CPMV-818R Primer,,,N,Y,KPBT6377*,300100GMP.BUK
82,Primer,20µm CPMV-745F Primer,,,N,Y,KPBT6377*,300100GMP.BUK
83,Probe,5µm CPMV-766T,,,N,Y,KPBT6377*,300100GMP.BUK
84,Primer,EPC3-F (90267F),,,N,Y,KPBT6377*,300100GMP.BUK
85,Primer,EPC3-R (90267R),,,N,Y,KPBT6377*,300100GMP.BUK
86,Probe,EPC3-FAM-MGB (90267T),,,N,Y,KPBT6377*,300100GMP.BUK
87,DNA,HSV 1/2 90168 DNA Plasmid,,,N,Y,KPBT6440**,300100GMP.BUK
88,DNA,B19 90200 DNA Plasmid,,,N,Y,KPBT6440**,300100GMP.BUK
89,DNA,EBV 90207 DNA Plasmid,,,N,Y,KPBT6440**,300100GMP.BUK
90,DNA,SV40 90211 DNA Plasmid,,,N,Y,KPBT6440**,300100GMP.BUK
91,DNA,HHV5 hCMV 90212 DNA Oligonucleotide,,,N,Y,KPBT6440**,300100GMP.BUK
92,DNA,HHV6 90216 DNA Plasmid,,,N,Y,KPBT6440**,300100GMP.BUK
93,DNA,HHV7 90227 DNA Plasmid,,,N,Y,KPBT6440**,300100GMP.BUK
94,DNA,HHV8 90223 DNA Plasmid,,,N,Y,KPBT6440**,300100GMP.BUK
95,DNA,HIV-1 90327 DNA Plasmid,,,N,Y,KPBT6440**,300100GMP.BUK
96,DNA,HIV-2 90310 DNA Plasmid,,,N,Y,KPBT6440**,300100GMP.BUK
97,DNA,HBV 90260 DNA Oligonucleotide,,,N,Y,KPBT6440**,300100GMP.BUK
98,RNA,HCV 2-O-Methyl RNA Oligoncucleotide,,,N,Y,KPBT6440**,300100GMP.BUK
99,RNA,HTLV 90269 RNA Oligonucleotide,,,N,Y,KPBT6440**,300100GMP.BUK
2,Negative Control DNA,200 ng/µl Human Placental DNA,CA-972-M_CA-972-F,A0000363.UK,Y,N,BR-MOL-HPDNA,300116GMP.BUK
3,"Primer (serotypes 1-4, 6-13)",AAVF5,,,N,Y,KPBT6377*,300116GMP.BUK
4,"Primer (serotypes 1-4, 6-13)",AAVR2,,,N,Y,KPBT6377*,300116GMP.BUK
5,"Probe (serotypes 1-4, 6-13)",AAVMGB3,,,N,Y,KPBT6377*,300116GMP.BUK
6,"DNA (serotypes 1-4, 6-13)",AAV +ve3 DNA oligonucleotide,,,N,Y,KPBT6440**,300116GMP.BUK
7,PCR master mix ,Eurogentec QPCR kit,RT-QP2X-03,100004081.UK,Y,Y,N,300116GMP.BUK
8,Primer (serotype 5),90222F,,,N,Y,KPBT6377*,300116GMP.BUK
9,Primer (serotype 5),90222R,,,N,Y,KPBT6377*,300116GMP.BUK
10,Probe (serotype 5),90222FAM-MGB,,,N,Y,KPBT6377*,300116GMP.BUK
11,DNA (serotype 5),90222,,,N,Y,KPBT6440**,300116GMP.BUK
12,PCR mastermix,"Quanta PerfeCTa qPCR SuperMix, ROX",4387424M,100007355.UK,Y,Y,N,300116GMP.BUK
13,Solvent,Ethanol,101074F_15338_283047K,A0000104_A0001860.UK,Y,N,N,300116GMP.BUK
14,Extraction Kit 1,QIAsymphony DNA Kit,931236,100007709.KIT,Y,Y,N,300116GMP.BUK
15,Extraction Kit 1,QIAsymphony Certal Vaccine NA Kit,931955,100007859.KIT,Y,Y,N,300116GMP.BUK
16,Extraction Kit 1,QIAAMP DNA Mini Kit,51304,A0001640.UK,Y,Y,N,300116GMP.BUK
17,Extraction Kit 1,QIAAMP Viral RNA Mini Kit1,52904,A0001641.UK,Y,Y,N,300116GMP.BUK
18,Extraction Kit 1,QIAAMP DNA Mini QIAcube kit,51326,100007449.KIT,Y,Y,N,300116GMP.BUK
19,PBS,Phosphate Buffered Saline (PBS) 1x,14040-083_14040091,100000856.100ml_100000718.500ml,Y,Y,N,300116GMP.BUK
20,Water,Nuclease Free Water,P1193,A0000551.50ML,Y,Y,N,300116GMP.BUK
2,Primer,40µM EPC3 90267 F Primer,,,N,Y,PROC-BREL_UK-OP-036916 (KPBT6377),305726GMP.BUK
3,Primer,40µM EPC3 90267 R Primer,,,N,Y,PROC-BREL_UK-OP-036916 (KPBT6377),305726GMP.BUK
4,Probe,20µM EPC3 90267-MGB Probe,,,N,Y,PROC-BREL_UK-OP-036916 (KPBT6377),305726GMP.BUK
5,Primer,40µM MMV 305726 F Primer,,,N,Y,PROC-BREL_UK-OP-036916 (KPBT6377),305726GMP.BUK
6,Primer,40µM MMV 305726 R Primer,,,N,Y,PROC-BREL_UK-OP-036916 (KPBT6377),305726GMP.BUK
7,Probe,20µM MMV 305726-BHQ Probe,,,N,Y,PROC-BREL_UK-OP-036916 (KPBT6377),305726GMP.BUK
8,DNA,MMV CFX +ves (Long Oligo Page Ultramer),,,N,Y,PROC-BREL_UK-OP-036986_(KPBT6440),305726GMP.BUK
9,DNA,EPC3 Plasmid DNA,,,N,N,PROC-BREL_UK-OP-036986_(KPBT6440),305726GMP.BUK
10,DNA,Human Placental DNA,CA-972-M_CA-972-F,A0000363.UK_100004480.1MG,Y,N,N,305726GMP.BUK
11,Solvent,Ethanol,101074F_15338_283047K,A00001044.UK_A0000104_A0001860.UK,Y,N,N,305726GMP.BUK
12,PCR master mix,Lumino CT q-PCR Readymix ,L6669-500RXN,100009338.UK,Y,Y,N,305726GMP.BUK
13,Extraction kit,QIAamp DNA Mini QIAcube Kit,51326,100007446.KIT,Y,N,N,305726GMP.BUK
14,Extraction kit,QIAamp Viral RNA Mini QIAcube Kit1,52926,100007446.KIT,Y,N,N,305726GMP.BUK
15,PBS,Phosphate Buffered Saline (PBS) 1x,14040-083_14040091,100000856.100ml_100000718.500ml,Y,Y,N,305726GMP.BUK
16,Buffer,1 x TE buffer,V6231,A0000554.100ml,Y,N,N,305726GMP.BUK
17,Water,Nuclease Free Water,P1193,A0000551.50ML,Y,N,N,305726GMP.BUK
1,Material type,Name, , ,Y/N,Y/N,Y/N,360195GMP.BUK
2,Test Kit,Kinetic QCL Test Kit,50-650U,Top of Form_A0000367_Bottom of Form_,Y,N,Y00000,360195GMP.BUK
2,Detector Cells,MRC-5 cells,ATCC CCL-171,100000232.WCB,Y,Y,,375433GMP.BUK
3,Detector Cells,Vero C1008 cells,ATCC CRL-1586,100000253.WCB,Y,Y,,375433GMP.BUK
4,Detector Cells,324K cells,Yale University,100000252.WCB,Y,Y,,375433GMP.BUK
5,Detector Cells,CHO-K1 cells,ATCC CCL-61,100000233.WCB,Y,Y,,375433GMP.BUK
6,Detector Cells,Sp2/0 Ag14 cells,ATCC CCL-1581,100002730.UK,Y,Y,,375433GMP.BUK
7,Positive Control,PI3 ,VR-281,100000956.PVB,Y,Y,,375433GMP.BUK
8,Positive Control,Measles,VR-24,100000938.PVB,Y,Y,,375433GMP.BUK
9,Positive Control,MMVp,VR-1346,100000541.PVB,Y,Y,,375433GMP.BUK
10,Positive Control,EMC,VR-129,100002708.PVB,Y,Y,,375433GMP.BUK
11,Supplemented Media,10% HG DMEM,04191881M,A04191881.500ML,Y,Y,,375433GMP.BUK
12,Supplemented Media,1% HG DMEM,04191882M,100000645,Y,Y,,375433GMP.BUK
13,Supplemented Media,1 % HG DMEM,04196672M,100008427.500ML,Y,Y,,375433GMP.BUK
14,Supplemented Media,10% HG DMEM,04196655M,100008331.500ML,Y,Y,,375433GMP.BUK
15,Raw Material,Foetal clone 3,SH30109.03,A0000191.500ML,Y,Y,,375433GMP.BUK
16,Raw Material,L-Glutamine,25030-024,A25030024,Y,Y,,375433GMP.BUK
17,Raw Material,Pen Strep,15140-122,100000777.100ML,Y,Y,,375433GMP.BUK
18,Raw Material,Gentamycin,15710-049,100001267.100ML,Y,Y,,375433GMP.BUK
19,Raw Material,NEAA,11140035,100000846.100ML,Y,Y,,375433GMP.BUK
20,Raw Material,Fungizone,15290-026,100000670.50ml,Y,Y,,375433GMP.BUK
21,Raw Material,HBSS,14170-088,100000794.500ML,Y,Y,,375433GMP.BUK
22,Raw Material,Trypsin-EDTA,25300-062,A25300062.500ML,Y,Y,,375433GMP.BUK
23,Raw Material,PBS (1X),14040-083,100000856.100ML,Y,Y,,375433GMP.BUK
24,Blood,Guinea Pig Blood,PB030,A0000991.UK,Y,Y,,375433GMP.BUK
25,Blood,Chicken Blood,SB-0008H-U,100002723.,Y,Y,,375433GMP.BUK
26,Blood,Human Blood,Z416,A0000096.10ML,Y,Y,,375433GMP.BUK
2,Cleaning agent,70% isopropanol,Ecolab 3035300,A0000159.1L,Y,Y,,377GMP.BUK
3,Cleaning agent,Virkon,SLS_BRS019/CLE1554,A0000055.5KG,Y,Y,KPBT0286 Form A,377GMP.BUK
4,Cleaning agent,Biocide B,Ecolab 3036190,A0000157.1L,Y,Y,,377GMP.BUK
5,Immunochemical,SKY paint kit for Human Chromosomes,SKY000028,100007208.,Y,Y,N,377GMP.BUK
6,Immunochemical,SKY paint kit for Mouse Chromosomes,SKY000030,100007209.,Y,Y,N,377GMP.BUK
7,Immunochemical,SKY paint kit for Rat Chromosomes,SKY000174,100007210.,Y,Y,N,377GMP.BUK
8,Reagent,Methanol,Fisher Scientific_M/4000/17,"A0000095.2,5L",Y,Y,N,377GMP.BUK
9,Reagent,Glacial acetic acid,Sigma Aldrich_A6283.100ML,A0000121.100ML,Y,Y,N,377GMP.BUK
10,Buffer,Gurr’s buffer pH6.8,VWR 331932D,100004304.50PK,Y,Y,N,377GMP.BUK
11,Stain,Giemsa,Gibco 10092-013,100003691.100ML,Y,Y,N,377GMP.BUK
12,Fixative,Cytoclear,Genial Genetics (GGS) JL004,100004343.1ML,Y,Y,N,377GMP.BUK
13,Reagent,Karyomax 0.075M KCl,Invitrogen 10575090,100004329.CS,Y,Y,N,377GMP.BUK
14,Enzyme,0.05% Trypsin-EDTA,Invitrogen_25300-062,A25300062.500ML,Y,Y,N,377GMP.BUK
15,Reagent,DPX,TAAB M192,100004159.500ML,Y,Y,N,377GMP.BUK
1,Material type,Name,Supplier Catalogue Number,Oracle Part Number,Y/N,Y/N,Y/N,510635636GMP.BUK
2,Media,THIO Broth,44001,A0000328,Y,Y,Y_(KPBT4412),510635636GMP.BUK
3,Media,TSB                      (Tryptone Soya Broth),44011,A0000329,Y,Y,Y (KPBT4412),510635636GMP.BUK
4,Media,TSA                 (Tryptone Soya Agar),104130,A0001753,Y,Y,Y (KPBT4412),510635636GMP.BUK
5,Media,MEA                        (Malt Extract Agar),104300,A0002144,Y,Y,Y (KPBT4412),510635636GMP.BUK
6,Diluent,Sterile Distilled Water,15230071,100000774,Y,Y,N,510635636GMP.BUK
7,Positive Control,S. aureus ATCC 6538,Q7016C,A0000762,Y,Y,Y         (BPBT1657),510635636GMP.BUK
8,Positive Control,B. subtilis ATCC 6633,Q1221C,A0000757,Y,Y,Y         (BPBT1657),510635636GMP.BUK
9,Positive Control,C. sporogenes ATCC 19404 or 11437,Q1700C/Q1703C,A0000759/760,Y,Y,Y         (BPBT1657),510635636GMP.BUK
10,Positive Control,Ps. aeruginosa ATCC 9027,Q5210C,A0000761,Y,Y,Y         (BPBT1657),510635636GMP.BUK
11,Positive Control,A. brasiliensis ATCC 16404,Q1100C,A0000756,Y,Y,Y         (BPBT1657),510635636GMP.BUK
12,Positive Control,C. albicans ATCC 10231,Q1503C,A0000758,Y,Y,Y         (BPBT1657),510635636GMP.BUK
13,Reagent,Anaerobic sachets,BRS024/AN0025A,A0000666,Y,N,,510635636GMP.BUK
1,Material type,Name, , ,Y/N,Y/N,Y/N,510635GMP.BUK
2,Test Kit,Kinetic QCL Test Kit,50-650U,A0000367,Y,N,N,510635GMP.BUK
1,Material type,Name, , ,Y/N,Y/N,Y/N,510636GMP.BUK
2,Broth,TSB Broth,44011,A0000329.UK,Y,Y,,510636GMP.BUK
3,Broth,THIO Broth,44001,A0000328.UK,Y,Y,,510636GMP.BUK
4,Water,Sterile Distilled Water,15230071,100000774.100ML,Y,Y,,510636GMP.BUK
5,Positive Control,Candida Albicans 10231,Q1503C,A0000758.UK,Y,N,,510636GMP.BUK
6,Positive Control,Aspergillus  16404,Q1100C,A0000756.UK,Y,N,,510636GMP.BUK
7,Positive Control,Staph Aureus 6538,Q7016C,A0000762.UK,Y,N,,510636GMP.BUK
8,Positive Control,Bacillus Subtilis 6633,Q1221C,A0000757.UK,Y,N,,510636GMP.BUK
9,Positive Control,P Aeruginosa 9027,Q5210C,A0000761.UK,Y,N,,510636GMP.BUK
10,Positive Control,C Sporogenes,Q1700C,A0000759.UK,Y,N,,510636GMP.BUK
